Experiment,Features,Obs Dim,SharpeRatio_Train_Mean,SharpeRatio_Train_Std,SortinoRatio_Train_Mean,SortinoRatio_Train_Std,CalmarRatio_Train_Mean,CalmarRatio_Train_Std,CVaR95pct_Train_Mean,CVaR95pct_Train_Std,SharpeRatio_Test_Mean,SharpeRatio_Test_Std,SortinoRatio_Test_Mean,SortinoRatio_Test_Std,CalmarRatio_Test_Mean,CalmarRatio_Test_Std,CVaR95pct_Test_Mean,CVaR95pct_Test_Std,AnnRet_Train_Mean,AnnRet_Test_Mean,TotalRet_Gap
Comp_Static_Gamma0,Static Gamma 0.0,5,-0.3941160780186661,0.0,-0.5192633962384924,0.0,-0.3324548855706731,0.0,0.11971225563588428,0.0,-0.1419096306159239,0.0,-0.17739424725174172,0.0,-0.1579632157088357,0.0,0.1005710936463076,0.0,-0.309516811107463,-0.08799399220782345,-0.4530786540478382
Comp_Static_Gamma1,Static Gamma 1.0,5,-0.47568833849670256,0.0,-0.6406503787732891,0.0,-0.4097171739378335,0.0,0.1227276129880664,0.0,-0.15960390572982824,0.0,-0.20534886234945773,0.0,-0.1801684272540913,0.0,0.09966602411598907,0.0,-0.38592040257088867,-0.09913090507308275,-0.5437737080139433
Comp_Static_Gamma2,Static Gamma 2.0,5,-0.4749449082357556,0.0,-0.6397341852754291,0.0,-0.4090629411767473,0.0,0.12270905849553133,0.0,-0.15960589058659966,0.0,-0.20535140476532798,0.0,-0.18017065266466653,0.0,0.09966601629541968,0.0,-0.38530421384894786,-0.09913212798227455,-0.5430155633328384
E2_NoMarket,Network(5),5,0.0777783175769371,0.026617079908006824,0.10687171964120444,0.03745552316338886,0.07132643156907292,0.024049096488905027,0.12399584200871448,0.001701877725031234,0.07057096254354384,0.23439145560147523,0.08174017769346945,0.2925363311665238,0.09090482098196845,0.2760040337243817,0.10402330090291573,0.004209096862324985,0.06644468504091039,0.05052512283569999,0.09993307661832662
E2_drop_CentStd,Network(5),4,-0.1873568950985485,0.11937584208936855,-0.24846704070223558,0.156884444721615,-0.16578402420915134,0.10534938772839558,0.12471758032017324,0.0010398296881616656,0.07060924970578063,0.23419712268271153,0.0818028846785057,0.292295091019554,0.09094482165353315,0.2757768241854007,0.1040131133956376,0.004216461037515495,-0.1559837557709105,0.050541021422280175,-0.3156077783972004
E2_drop_CentMean,Network(5),4,-0.25517417355432154,0.054685195005447274,-0.3404644949911072,0.0678775839294524,-0.22514840039897926,0.05125171498400301,0.12381024096589145,0.002485063295947762,0.06812716359564494,0.23642492763599168,0.07850002343071194,0.2952871020604921,0.08825276479808739,0.27814221681652007,0.10399576256397006,0.004234341729020853,-0.21052147606821664,0.04901828550267345,-0.4111028358879061
E2_drop_MSTDist,Network(5),4,-0.10197200494734161,0.11809031975217472,-0.1388716669335213,0.1605794385275533,-0.08903595050461774,0.10380663471529086,0.12419588287089556,0.0016300060717484369,0.05668882614458699,0.24749272440047004,0.06448890189170854,0.30884390448399013,0.07647521015169827,0.28941896431872605,0.10402334239545974,0.004206812393854745,-0.08363535444358183,0.042083090867066186,-0.18182872724006655
E2_drop_MaxCent,Network(5),4,-0.2662315865488345,0.2112237825293537,-0.351641945958492,0.27713667520826896,-0.2326279635686645,0.18362833666150918,0.12429586442506504,0.0009563212521067968,0.07323914531198647,0.23142554821238767,0.08518815148692417,0.2887393643800483,0.09389593170917238,0.2726486911330074,0.1040228660950423,0.004206449233895876,-0.21910183662662952,0.052167955851369185,-0.39934577282326333
E2_drop_NetDens,Network(5),4,-0.21395693635213792,0.23554297473287972,-0.28846594020056016,0.3175551608902215,-0.18460133997927775,0.20440667479354158,0.12416726877907432,0.001666883938654981,0.07082029733521762,0.23392980785639117,0.08207340688634587,0.291952335871959,0.09116719176508278,0.27547910223908467,0.1040250982463242,0.004205234187854172,-0.1733811897996576,0.05067038162017351,-0.31786643635591805
