Date,RL-Net (Excess NW),RL-Net (Risk-Adj)
2024-02-01,2.0,0.8542027175426483
2024-02-02,2.0,0.8542027175426483
2024-02-03,2.0,0.8542027175426483
2024-02-04,2.0,0.8542027175426483
2024-02-05,2.0,0.8542027175426483
2024-02-06,2.0,0.8542027175426483
2024-02-07,2.0,0.8542027175426483
2024-02-08,1.8419715762138367,0.8435617089271545
2024-02-09,1.8419715762138367,0.8435617089271545
2024-02-10,1.8419715762138367,0.8435617089271545
2024-02-11,1.8419715762138367,0.8435617089271545
2024-02-12,1.8419715762138367,0.8435617089271545
2024-02-13,1.8419715762138367,0.8435617089271545
2024-02-14,1.8419715762138367,0.8435617089271545
2024-02-15,1.6430960893630981,0.9228017926216125
2024-02-16,1.6430960893630981,0.9228017926216125
2024-02-17,1.6430960893630981,0.9228017926216125
2024-02-18,1.6430960893630981,0.9228017926216125
2024-02-19,1.6430960893630981,0.9228017926216125
2024-02-20,1.6430960893630981,0.9228017926216125
2024-02-21,1.6430960893630981,0.9228017926216125
2024-02-22,2.0,0.8663402497768402
2024-02-23,2.0,0.8663402497768402
2024-02-24,2.0,0.8663402497768402
2024-02-25,2.0,0.8663402497768402
2024-02-26,2.0,0.8663402497768402
2024-02-27,2.0,0.8663402497768402
2024-02-28,2.0,0.8663402497768402
2024-02-29,1.242399424314499,0.8925276920199394
2024-03-01,1.242399424314499,0.8925276920199394
2024-03-02,1.242399424314499,0.8925276920199394
2024-03-03,1.242399424314499,0.8925276920199394
2024-03-04,1.242399424314499,0.8925276920199394
2024-03-05,1.242399424314499,0.8925276920199394
2024-03-06,1.242399424314499,0.8925276920199394
2024-03-07,1.2667746841907501,1.2098419666290283
2024-03-08,1.2667746841907501,1.2098419666290283
2024-03-09,1.2667746841907501,1.2098419666290283
2024-03-10,1.2667746841907501,1.2098419666290283
2024-03-11,1.2667746841907501,1.2098419666290283
2024-03-12,1.2667746841907501,1.2098419666290283
2024-03-13,1.2667746841907501,1.2098419666290283
2024-03-14,1.8401886820793152,1.0878732353448868
2024-03-15,1.8401886820793152,1.0878732353448868
2024-03-16,1.8401886820793152,1.0878732353448868
2024-03-17,1.8401886820793152,1.0878732353448868
2024-03-18,1.8401886820793152,1.0878732353448868
2024-03-19,1.8401886820793152,1.0878732353448868
2024-03-20,1.8401886820793152,1.0878732353448868
2024-03-21,2.0,1.1828660815954208
2024-03-22,2.0,1.1828660815954208
2024-03-23,2.0,1.1828660815954208
2024-03-24,2.0,1.1828660815954208
2024-03-25,2.0,1.1828660815954208
2024-03-26,2.0,1.1828660815954208
2024-03-27,2.0,1.1828660815954208
2024-03-28,1.651128888130188,0.9445591866970062
2024-03-29,1.651128888130188,0.9445591866970062
2024-03-30,1.651128888130188,0.9445591866970062
2024-03-31,1.651128888130188,0.9445591866970062
2024-04-01,1.651128888130188,0.9445591866970062
2024-04-02,1.651128888130188,0.9445591866970062
2024-04-03,1.651128888130188,0.9445591866970062
2024-04-04,2.0,1.036293812096119
2024-04-05,2.0,1.036293812096119
2024-04-06,2.0,1.036293812096119
2024-04-07,2.0,1.036293812096119
2024-04-08,2.0,1.036293812096119
2024-04-09,2.0,1.036293812096119
2024-04-10,2.0,1.036293812096119
2024-04-11,1.7636892199516296,0.9665719643235207
2024-04-12,1.7636892199516296,0.9665719643235207
2024-04-13,1.7636892199516296,0.9665719643235207
2024-04-14,1.7636892199516296,0.9665719643235207
2024-04-15,1.7636892199516296,0.9665719643235207
2024-04-16,1.7636892199516296,0.9665719643235207
2024-04-17,1.7636892199516296,0.9665719643235207
2024-04-18,2.0,1.115857057273388
2024-04-19,2.0,1.115857057273388
2024-04-20,2.0,1.115857057273388
2024-04-21,2.0,1.115857057273388
2024-04-22,2.0,1.115857057273388
2024-04-23,2.0,1.115857057273388
2024-04-24,2.0,1.115857057273388
2024-04-25,1.431607335805893,0.9653164520859718
2024-04-26,1.431607335805893,0.9653164520859718
2024-04-27,1.431607335805893,0.9653164520859718
2024-04-28,1.431607335805893,0.9653164520859718
2024-04-29,1.431607335805893,0.9653164520859718
2024-04-30,1.431607335805893,0.9653164520859718
2024-05-01,1.431607335805893,0.9653164520859718
2024-05-02,2.0,0.9298642352223396
2024-05-03,2.0,0.9298642352223396
2024-05-04,2.0,0.9298642352223396
2024-05-05,2.0,0.9298642352223396
2024-05-06,2.0,0.9298642352223396
2024-05-07,2.0,0.9298642352223396
2024-05-08,2.0,0.9298642352223396
2024-05-09,1.9064580798149109,0.8302678912878036
2024-05-10,1.9064580798149109,0.8302678912878036
2024-05-11,1.9064580798149109,0.8302678912878036
2024-05-12,1.9064580798149109,0.8302678912878036
2024-05-13,1.9064580798149109,0.8302678912878036
2024-05-14,1.9064580798149109,0.8302678912878036
2024-05-15,1.9064580798149109,0.8302678912878036
2024-05-16,1.8235549330711365,0.9483244195580482
2024-05-17,1.8235549330711365,0.9483244195580482
2024-05-18,1.8235549330711365,0.9483244195580482
2024-05-19,1.8235549330711365,0.9483244195580482
2024-05-20,1.8235549330711365,0.9483244195580482
2024-05-21,1.8235549330711365,0.9483244195580482
2024-05-22,1.8235549330711365,0.9483244195580482
2024-05-23,1.6232162117958069,1.0386707335710526
2024-05-24,1.6232162117958069,1.0386707335710526
2024-05-25,1.6232162117958069,1.0386707335710526
2024-05-26,1.6232162117958069,1.0386707335710526
2024-05-27,1.6232162117958069,1.0386707335710526
2024-05-28,1.6232162117958069,1.0386707335710526
2024-05-29,1.6232162117958069,1.0386707335710526
2024-05-30,2.0,0.8277844041585922
2024-05-31,2.0,0.8277844041585922
2024-06-01,2.0,0.8277844041585922
2024-06-02,2.0,0.8277844041585922
2024-06-03,2.0,0.8277844041585922
2024-06-04,2.0,0.8277844041585922
2024-06-05,2.0,0.8277844041585922
2024-06-06,1.735762596130371,0.8429805040359497
2024-06-07,1.735762596130371,0.8429805040359497
2024-06-08,1.735762596130371,0.8429805040359497
2024-06-09,1.735762596130371,0.8429805040359497
2024-06-10,1.735762596130371,0.8429805040359497
2024-06-11,1.735762596130371,0.8429805040359497
2024-06-12,1.735762596130371,0.8429805040359497
2024-06-13,2.0,0.917638510465622
2024-06-14,2.0,0.917638510465622
2024-06-15,2.0,0.917638510465622
2024-06-16,2.0,0.917638510465622
2024-06-17,2.0,0.917638510465622
2024-06-18,2.0,0.917638510465622
2024-06-19,2.0,0.917638510465622
2024-06-20,2.0,0.9480744749307632
2024-06-21,2.0,0.9480744749307632
2024-06-22,2.0,0.9480744749307632
2024-06-23,2.0,0.9480744749307632
2024-06-24,2.0,0.9480744749307632
2024-06-25,2.0,0.9480744749307632
2024-06-26,2.0,0.9480744749307632
2024-06-27,1.982726514339447,0.8916085883975029
2024-06-28,1.982726514339447,0.8916085883975029
2024-06-29,1.982726514339447,0.8916085883975029
2024-06-30,1.982726514339447,0.8916085883975029
2024-07-01,1.982726514339447,0.8916085883975029
2024-07-02,1.982726514339447,0.8916085883975029
2024-07-03,1.982726514339447,0.8916085883975029
2024-07-04,1.874209702014923,0.9028688296675682
2024-07-05,1.874209702014923,0.9028688296675682
2024-07-06,1.874209702014923,0.9028688296675682
2024-07-07,1.874209702014923,0.9028688296675682
2024-07-08,1.874209702014923,0.9028688296675682
2024-07-09,1.874209702014923,0.9028688296675682
2024-07-10,1.874209702014923,0.9028688296675682
2024-07-11,1.1110632345080376,1.0752995535731316
2024-07-12,1.1110632345080376,1.0752995535731316
2024-07-13,1.1110632345080376,1.0752995535731316
2024-07-14,1.1110632345080376,1.0752995535731316
2024-07-15,1.1110632345080376,1.0752995535731316
2024-07-16,1.1110632345080376,1.0752995535731316
2024-07-17,1.1110632345080376,1.0752995535731316
2024-07-18,0.5740150809288025,0.980298014357686
2024-07-19,0.5740150809288025,0.980298014357686
2024-07-20,0.5740150809288025,0.980298014357686
2024-07-21,0.5740150809288025,0.980298014357686
2024-07-22,0.5740150809288025,0.980298014357686
2024-07-23,0.5740150809288025,0.980298014357686
2024-07-24,0.5740150809288025,0.980298014357686
2024-07-25,2.0,0.8661049604415894
2024-07-26,2.0,0.8661049604415894
2024-07-27,2.0,0.8661049604415894
2024-07-28,2.0,0.8661049604415894
2024-07-29,2.0,0.8661049604415894
2024-07-30,2.0,0.8661049604415894
2024-07-31,2.0,0.8661049604415894
2024-08-01,2.0,0.8876863121986389
2024-08-02,2.0,0.8876863121986389
2024-08-03,2.0,0.8876863121986389
2024-08-04,2.0,0.8876863121986389
2024-08-05,2.0,0.8876863121986389
2024-08-06,2.0,0.8876863121986389
2024-08-07,2.0,0.8876863121986389
2024-08-08,2.0,1.0818779990077019
2024-08-09,2.0,1.0818779990077019
2024-08-10,2.0,1.0818779990077019
2024-08-11,2.0,1.0818779990077019
2024-08-12,2.0,1.0818779990077019
2024-08-13,2.0,1.0818779990077019
2024-08-14,2.0,1.0818779990077019
2024-08-15,1.7477149367332458,0.974023574963212
2024-08-16,1.7477149367332458,0.974023574963212
2024-08-17,1.7477149367332458,0.974023574963212
2024-08-18,1.7477149367332458,0.974023574963212
2024-08-19,1.7477149367332458,0.974023574963212
2024-08-20,1.7477149367332458,0.974023574963212
2024-08-21,1.7477149367332458,0.974023574963212
2024-08-22,1.3158580660820007,0.9433225989341736
2024-08-23,1.3158580660820007,0.9433225989341736
2024-08-24,1.3158580660820007,0.9433225989341736
2024-08-25,1.3158580660820007,0.9433225989341736
2024-08-26,1.3158580660820007,0.9433225989341736
2024-08-27,1.3158580660820007,0.9433225989341736
2024-08-28,1.3158580660820007,0.9433225989341736
2024-08-29,2.0,0.9097165316343307
2024-08-30,2.0,0.9097165316343307
2024-08-31,2.0,0.9097165316343307
2024-09-01,2.0,0.9097165316343307
2024-09-02,2.0,0.9097165316343307
2024-09-03,2.0,0.9097165316343307
2024-09-04,2.0,0.9097165316343307
2024-09-05,2.0,0.9320656806230545
2024-09-06,2.0,0.9320656806230545
2024-09-07,2.0,0.9320656806230545
2024-09-08,2.0,0.9320656806230545
2024-09-09,2.0,0.9320656806230545
2024-09-10,2.0,0.9320656806230545
2024-09-11,2.0,0.9320656806230545
2024-09-12,1.3875521421432495,0.8624171763658524
2024-09-13,1.3875521421432495,0.8624171763658524
2024-09-14,1.3875521421432495,0.8624171763658524
2024-09-15,1.3875521421432495,0.8624171763658524
2024-09-16,1.3875521421432495,0.8624171763658524
2024-09-17,1.3875521421432495,0.8624171763658524
2024-09-18,1.3875521421432495,0.8624171763658524
2024-09-19,2.0,0.8999669030308723
2024-09-20,2.0,0.8999669030308723
2024-09-21,2.0,0.8999669030308723
2024-09-22,2.0,0.8999669030308723
2024-09-23,2.0,0.8999669030308723
2024-09-24,2.0,0.8999669030308723
2024-09-25,2.0,0.8999669030308723
2024-09-26,1.9731380343437195,0.8541647642850876
2024-09-27,1.9731380343437195,0.8541647642850876
2024-09-28,1.9731380343437195,0.8541647642850876
2024-09-29,1.9731380343437195,0.8541647642850876
2024-09-30,1.9731380343437195,0.8541647642850876
2024-10-01,1.9731380343437195,0.8541647642850876
2024-10-02,1.9731380343437195,0.8541647642850876
2024-10-03,2.0,0.9233009517192841
2024-10-04,2.0,0.9233009517192841
2024-10-05,2.0,0.9233009517192841
2024-10-06,2.0,0.9233009517192841
2024-10-07,2.0,0.9233009517192841
2024-10-08,2.0,0.9233009517192841
2024-10-09,2.0,0.9233009517192841
2024-10-10,2.0,0.8225316405296326
2024-10-11,2.0,0.8225316405296326
2024-10-12,2.0,0.8225316405296326
2024-10-13,2.0,0.8225316405296326
2024-10-14,2.0,0.8225316405296326
2024-10-15,2.0,0.8225316405296326
2024-10-16,2.0,0.8225316405296326
2024-10-17,1.6651045083999634,0.942105121910572
2024-10-18,1.6651045083999634,0.942105121910572
2024-10-19,1.6651045083999634,0.942105121910572
2024-10-20,1.6651045083999634,0.942105121910572
2024-10-21,1.6651045083999634,0.942105121910572
2024-10-22,1.6651045083999634,0.942105121910572
2024-10-23,1.6651045083999634,0.942105121910572
2024-10-24,2.0,0.8357792943716049
2024-10-25,2.0,0.8357792943716049
2024-10-26,2.0,0.8357792943716049
2024-10-27,2.0,0.8357792943716049
2024-10-28,2.0,0.8357792943716049
2024-10-29,2.0,0.8357792943716049
2024-10-30,2.0,0.8357792943716049
2024-10-31,1.5468884706497192,0.879921667277813
2024-11-01,1.5468884706497192,0.879921667277813
2024-11-02,1.5468884706497192,0.879921667277813
2024-11-03,1.5468884706497192,0.879921667277813
2024-11-04,1.5468884706497192,0.879921667277813
2024-11-05,1.5468884706497192,0.879921667277813
2024-11-06,1.5468884706497192,0.879921667277813
2024-11-07,1.7283340692520142,1.0273282993584871
2024-11-08,1.7283340692520142,1.0273282993584871
2024-11-09,1.7283340692520142,1.0273282993584871
2024-11-10,1.7283340692520142,1.0273282993584871
2024-11-11,1.7283340692520142,1.0273282993584871
2024-11-12,1.7283340692520142,1.0273282993584871
2024-11-13,1.7283340692520142,1.0273282993584871
2024-11-14,0.0013137459754943848,1.1316752880811691
2024-11-15,0.0013137459754943848,1.1316752880811691
2024-11-16,0.0013137459754943848,1.1316752880811691
2024-11-17,0.0013137459754943848,1.1316752880811691
2024-11-18,0.0013137459754943848,1.1316752880811691
2024-11-19,0.0013137459754943848,1.1316752880811691
2024-11-20,0.0013137459754943848,1.1316752880811691
2024-11-21,1.0503613278269768,1.1823560446500778
2024-11-22,1.0503613278269768,1.1823560446500778
2024-11-23,1.0503613278269768,1.1823560446500778
2024-11-24,1.0503613278269768,1.1823560446500778
2024-11-25,1.0503613278269768,1.1823560446500778
2024-11-26,1.0503613278269768,1.1823560446500778
2024-11-27,1.0503613278269768,1.1823560446500778
2024-11-28,2.0,1.142047792673111
2024-11-29,2.0,1.142047792673111
2024-11-30,2.0,1.142047792673111
2024-12-01,2.0,1.142047792673111
2024-12-02,2.0,1.142047792673111
2024-12-03,2.0,1.142047792673111
2024-12-04,2.0,1.142047792673111
2024-12-05,0.732681006193161,1.2174906581640244
2024-12-06,0.732681006193161,1.2174906581640244
2024-12-07,0.732681006193161,1.2174906581640244
2024-12-08,0.732681006193161,1.2174906581640244
2024-12-09,0.732681006193161,1.2174906581640244
2024-12-10,0.732681006193161,1.2174906581640244
2024-12-11,0.732681006193161,1.2174906581640244
2024-12-12,2.0,1.1548147946596146
2024-12-13,2.0,1.1548147946596146
2024-12-14,2.0,1.1548147946596146
2024-12-15,2.0,1.1548147946596146
2024-12-16,2.0,1.1548147946596146
2024-12-17,2.0,1.1548147946596146
2024-12-18,2.0,1.1548147946596146
2024-12-19,2.0,1.0553540587425232
2024-12-20,2.0,1.0553540587425232
2024-12-21,2.0,1.0553540587425232
2024-12-22,2.0,1.0553540587425232
2024-12-23,2.0,1.0553540587425232
2024-12-24,2.0,1.0553540587425232
2024-12-25,2.0,1.0553540587425232
2024-12-26,1.9480687379837036,0.9951064772903919
2024-12-27,1.9480687379837036,0.9951064772903919
2024-12-28,1.9480687379837036,0.9951064772903919
2024-12-29,1.9480687379837036,0.9951064772903919
2024-12-30,1.9480687379837036,0.9951064772903919
2024-12-31,1.9480687379837036,0.9951064772903919
