Date,RL-Net (Defensive),RL-Net (Total Return)
2024-05-01,-0.09619098901748657,-0.016812920570373535
2024-05-02,-0.09619098901748657,-0.016812920570373535
2024-05-03,-0.09619098901748657,-0.016812920570373535
2024-05-04,-0.09619098901748657,-0.016812920570373535
2024-05-05,-0.09619098901748657,-0.016812920570373535
2024-05-06,-0.09619098901748657,-0.016812920570373535
2024-05-07,-0.09619098901748657,-0.016812920570373535
2024-05-08,-0.09610108286142349,-0.016505230218172073
2024-05-09,-0.09610108286142349,-0.016505230218172073
2024-05-10,-0.09610108286142349,-0.016505230218172073
2024-05-11,-0.09610108286142349,-0.016505230218172073
2024-05-12,-0.09610108286142349,-0.016505230218172073
2024-05-13,-0.09610108286142349,-0.016505230218172073
2024-05-14,-0.09610108286142349,-0.016505230218172073
2024-05-15,-0.09531307965517044,-0.016995035111904144
2024-05-16,-0.09531307965517044,-0.016995035111904144
2024-05-17,-0.09531307965517044,-0.016995035111904144
2024-05-18,-0.09531307965517044,-0.016995035111904144
2024-05-19,-0.09531307965517044,-0.016995035111904144
2024-05-20,-0.09531307965517044,-0.016995035111904144
2024-05-21,-0.09531307965517044,-0.016995035111904144
2024-05-22,-0.09706158190965652,-0.015785180032253265
2024-05-23,-0.09706158190965652,-0.015785180032253265
2024-05-24,-0.09706158190965652,-0.015785180032253265
2024-05-25,-0.09706158190965652,-0.015785180032253265
2024-05-26,-0.09706158190965652,-0.015785180032253265
2024-05-27,-0.09706158190965652,-0.015785180032253265
2024-05-28,-0.09706158190965652,-0.015785180032253265
2024-05-29,-0.09663673490285873,-0.016242634505033493
2024-05-30,-0.09663673490285873,-0.016242634505033493
2024-05-31,-0.09663673490285873,-0.016242634505033493
2024-06-01,-0.09663673490285873,-0.016242634505033493
2024-06-02,-0.09663673490285873,-0.016242634505033493
2024-06-03,-0.09663673490285873,-0.016242634505033493
2024-06-04,-0.09663673490285873,-0.016242634505033493
2024-06-05,-0.09685968607664108,-0.0160171277821064
2024-06-06,-0.09685968607664108,-0.0160171277821064
2024-06-07,-0.09685968607664108,-0.0160171277821064
2024-06-08,-0.09685968607664108,-0.0160171277821064
2024-06-09,-0.09685968607664108,-0.0160171277821064
2024-06-10,-0.09685968607664108,-0.0160171277821064
2024-06-11,-0.09685968607664108,-0.0160171277821064
2024-06-12,-0.09601248055696487,-0.016947008669376373
2024-06-13,-0.09601248055696487,-0.016947008669376373
2024-06-14,-0.09601248055696487,-0.016947008669376373
2024-06-15,-0.09601248055696487,-0.016947008669376373
2024-06-16,-0.09601248055696487,-0.016947008669376373
2024-06-17,-0.09601248055696487,-0.016947008669376373
2024-06-18,-0.09601248055696487,-0.016947008669376373
2024-06-19,-0.0955127626657486,-0.01745513267815113
2024-06-20,-0.0955127626657486,-0.01745513267815113
2024-06-21,-0.0955127626657486,-0.01745513267815113
2024-06-22,-0.0955127626657486,-0.01745513267815113
2024-06-23,-0.0955127626657486,-0.01745513267815113
2024-06-24,-0.0955127626657486,-0.01745513267815113
2024-06-25,-0.0955127626657486,-0.01745513267815113
2024-06-26,-0.0952439159154892,-0.017702240496873856
2024-06-27,-0.0952439159154892,-0.017702240496873856
2024-06-28,-0.0952439159154892,-0.017702240496873856
2024-06-29,-0.0952439159154892,-0.017702240496873856
2024-06-30,-0.0952439159154892,-0.017702240496873856
2024-07-01,-0.0952439159154892,-0.017702240496873856
2024-07-02,-0.0952439159154892,-0.017702240496873856
2024-07-03,-0.09106390923261642,-0.020026082172989845
2024-07-04,-0.09106390923261642,-0.020026082172989845
2024-07-05,-0.09106390923261642,-0.020026082172989845
2024-07-06,-0.09106390923261642,-0.020026082172989845
2024-07-07,-0.09106390923261642,-0.020026082172989845
2024-07-08,-0.09106390923261642,-0.020026082172989845
2024-07-09,-0.09106390923261642,-0.020026082172989845
2024-07-10,-0.08870217949151993,-0.02150760591030121
2024-07-11,-0.08870217949151993,-0.02150760591030121
2024-07-12,-0.08870217949151993,-0.02150760591030121
2024-07-13,-0.08870217949151993,-0.02150760591030121
2024-07-14,-0.08870217949151993,-0.02150760591030121
2024-07-15,-0.08870217949151993,-0.02150760591030121
2024-07-16,-0.08870217949151993,-0.02150760591030121
2024-07-17,-0.09025290608406067,-0.020262449979782104
2024-07-18,-0.09025290608406067,-0.020262449979782104
2024-07-19,-0.09025290608406067,-0.020262449979782104
2024-07-20,-0.09025290608406067,-0.020262449979782104
2024-07-21,-0.09025290608406067,-0.020262449979782104
2024-07-22,-0.09025290608406067,-0.020262449979782104
2024-07-23,-0.09025290608406067,-0.020262449979782104
2024-07-24,-0.08696389943361282,-0.020607594400644302
2024-07-25,-0.08696389943361282,-0.020607594400644302
2024-07-26,-0.08696389943361282,-0.020607594400644302
2024-07-27,-0.08696389943361282,-0.020607594400644302
2024-07-28,-0.08696389943361282,-0.020607594400644302
2024-07-29,-0.08696389943361282,-0.020607594400644302
2024-07-30,-0.08696389943361282,-0.020607594400644302
2024-07-31,-0.0858246311545372,-0.02091536857187748
2024-08-01,-0.0858246311545372,-0.02091536857187748
2024-08-02,-0.0858246311545372,-0.02091536857187748
2024-08-03,-0.0858246311545372,-0.02091536857187748
2024-08-04,-0.0858246311545372,-0.02091536857187748
2024-08-05,-0.0858246311545372,-0.02091536857187748
2024-08-06,-0.0858246311545372,-0.02091536857187748
2024-08-07,-0.08485649526119232,-0.02210419997572899
2024-08-08,-0.08485649526119232,-0.02210419997572899
2024-08-09,-0.08485649526119232,-0.02210419997572899
2024-08-10,-0.08485649526119232,-0.02210419997572899
2024-08-11,-0.08485649526119232,-0.02210419997572899
2024-08-12,-0.08485649526119232,-0.02210419997572899
2024-08-13,-0.08485649526119232,-0.02210419997572899
2024-08-14,-0.08558346331119537,-0.02048684097826481
2024-08-15,-0.08558346331119537,-0.02048684097826481
2024-08-16,-0.08558346331119537,-0.02048684097826481
2024-08-17,-0.08558346331119537,-0.02048684097826481
2024-08-18,-0.08558346331119537,-0.02048684097826481
2024-08-19,-0.08558346331119537,-0.02048684097826481
2024-08-20,-0.08558346331119537,-0.02048684097826481
2024-08-21,-0.0852476954460144,-0.020482879132032394
2024-08-22,-0.0852476954460144,-0.020482879132032394
2024-08-23,-0.0852476954460144,-0.020482879132032394
2024-08-24,-0.0852476954460144,-0.020482879132032394
2024-08-25,-0.0852476954460144,-0.020482879132032394
2024-08-26,-0.0852476954460144,-0.020482879132032394
2024-08-27,-0.0852476954460144,-0.020482879132032394
2024-08-28,-0.08606800436973572,-0.02045266702771187
2024-08-29,-0.08606800436973572,-0.02045266702771187
2024-08-30,-0.08606800436973572,-0.02045266702771187
2024-08-31,-0.08606800436973572,-0.02045266702771187
2024-09-01,-0.08606800436973572,-0.02045266702771187
2024-09-02,-0.08606800436973572,-0.02045266702771187
2024-09-03,-0.08606800436973572,-0.02045266702771187
2024-09-04,-0.08565264195203781,-0.020596235990524292
2024-09-05,-0.08565264195203781,-0.020596235990524292
2024-09-06,-0.08565264195203781,-0.020596235990524292
2024-09-07,-0.08565264195203781,-0.020596235990524292
2024-09-08,-0.08565264195203781,-0.020596235990524292
2024-09-09,-0.08565264195203781,-0.020596235990524292
2024-09-10,-0.08565264195203781,-0.020596235990524292
2024-09-11,-0.0861564502120018,-0.020412489771842957
2024-09-12,-0.0861564502120018,-0.020412489771842957
2024-09-13,-0.0861564502120018,-0.020412489771842957
2024-09-14,-0.0861564502120018,-0.020412489771842957
2024-09-15,-0.0861564502120018,-0.020412489771842957
2024-09-16,-0.0861564502120018,-0.020412489771842957
2024-09-17,-0.0861564502120018,-0.020412489771842957
2024-09-18,-0.08389940857887268,-0.02080613560974598
2024-09-19,-0.08389940857887268,-0.02080613560974598
2024-09-20,-0.08389940857887268,-0.02080613560974598
2024-09-21,-0.08389940857887268,-0.02080613560974598
2024-09-22,-0.08389940857887268,-0.02080613560974598
2024-09-23,-0.08389940857887268,-0.02080613560974598
2024-09-24,-0.08389940857887268,-0.02080613560974598
2024-09-25,-0.0846710354089737,-0.020317301154136658
2024-09-26,-0.0846710354089737,-0.020317301154136658
2024-09-27,-0.0846710354089737,-0.020317301154136658
2024-09-28,-0.0846710354089737,-0.020317301154136658
2024-09-29,-0.0846710354089737,-0.020317301154136658
2024-09-30,-0.0846710354089737,-0.020317301154136658
2024-10-01,-0.0846710354089737,-0.020317301154136658
2024-10-02,-0.08518707007169724,-0.020486891269683838
2024-10-03,-0.08518707007169724,-0.020486891269683838
2024-10-04,-0.08518707007169724,-0.020486891269683838
2024-10-05,-0.08518707007169724,-0.020486891269683838
2024-10-06,-0.08518707007169724,-0.020486891269683838
2024-10-07,-0.08518707007169724,-0.020486891269683838
2024-10-08,-0.08518707007169724,-0.020486891269683838
2024-10-09,-0.08507087081670761,-0.020352713763713837
2024-10-10,-0.08507087081670761,-0.020352713763713837
2024-10-11,-0.08507087081670761,-0.020352713763713837
2024-10-12,-0.08507087081670761,-0.020352713763713837
2024-10-13,-0.08507087081670761,-0.020352713763713837
2024-10-14,-0.08507087081670761,-0.020352713763713837
2024-10-15,-0.08507087081670761,-0.020352713763713837
2024-10-16,-0.08601479977369308,-0.019819317385554314
2024-10-17,-0.08601479977369308,-0.019819317385554314
2024-10-18,-0.08601479977369308,-0.019819317385554314
2024-10-19,-0.08601479977369308,-0.019819317385554314
2024-10-20,-0.08601479977369308,-0.019819317385554314
2024-10-21,-0.08601479977369308,-0.019819317385554314
2024-10-22,-0.08601479977369308,-0.019819317385554314
2024-10-23,-0.08609116822481155,-0.019419364631175995
2024-10-24,-0.08609116822481155,-0.019419364631175995
2024-10-25,-0.08609116822481155,-0.019419364631175995
2024-10-26,-0.08609116822481155,-0.019419364631175995
2024-10-27,-0.08609116822481155,-0.019419364631175995
2024-10-28,-0.08609116822481155,-0.019419364631175995
2024-10-29,-0.08609116822481155,-0.019419364631175995
2024-10-30,-0.0864720568060875,-0.01962117850780487
2024-10-31,-0.0864720568060875,-0.01962117850780487
2024-11-01,-0.0864720568060875,-0.01962117850780487
2024-11-02,-0.0864720568060875,-0.01962117850780487
2024-11-03,-0.0864720568060875,-0.01962117850780487
2024-11-04,-0.0864720568060875,-0.01962117850780487
2024-11-05,-0.0864720568060875,-0.01962117850780487
2024-11-06,-0.08421143889427185,-0.019574766978621483
2024-11-07,-0.08421143889427185,-0.019574766978621483
2024-11-08,-0.08421143889427185,-0.019574766978621483
2024-11-09,-0.08421143889427185,-0.019574766978621483
2024-11-10,-0.08421143889427185,-0.019574766978621483
2024-11-11,-0.08421143889427185,-0.019574766978621483
2024-11-12,-0.08421143889427185,-0.019574766978621483
2024-11-13,-0.08777069300413132,-0.018511299043893814
2024-11-14,-0.08777069300413132,-0.018511299043893814
2024-11-15,-0.08777069300413132,-0.018511299043893814
2024-11-16,-0.08777069300413132,-0.018511299043893814
2024-11-17,-0.08777069300413132,-0.018511299043893814
2024-11-18,-0.08777069300413132,-0.018511299043893814
2024-11-19,-0.08777069300413132,-0.018511299043893814
2024-11-20,-0.09377668797969818,-0.016468975692987442
2024-11-21,-0.09377668797969818,-0.016468975692987442
2024-11-22,-0.09377668797969818,-0.016468975692987442
2024-11-23,-0.09377668797969818,-0.016468975692987442
2024-11-24,-0.09377668797969818,-0.016468975692987442
2024-11-25,-0.09377668797969818,-0.016468975692987442
2024-11-26,-0.09377668797969818,-0.016468975692987442
2024-11-27,-0.09731634706258774,-0.014802321791648865
2024-11-28,-0.09731634706258774,-0.014802321791648865
2024-11-29,-0.09731634706258774,-0.014802321791648865
2024-11-30,-0.09731634706258774,-0.014802321791648865
2024-12-01,-0.09731634706258774,-0.014802321791648865
2024-12-02,-0.09731634706258774,-0.014802321791648865
2024-12-03,-0.09731634706258774,-0.014802321791648865
2024-12-04,-0.10307005792856216,-0.009467089548707008
2024-12-05,-0.10307005792856216,-0.009467089548707008
2024-12-06,-0.10307005792856216,-0.009467089548707008
2024-12-07,-0.10307005792856216,-0.009467089548707008
2024-12-08,-0.10307005792856216,-0.009467089548707008
2024-12-09,-0.10307005792856216,-0.009467089548707008
2024-12-10,-0.10307005792856216,-0.009467089548707008
2024-12-11,-0.10308045148849487,-0.010460231453180313
2024-12-12,-0.10308045148849487,-0.010460231453180313
2024-12-13,-0.10308045148849487,-0.010460231453180313
2024-12-14,-0.10308045148849487,-0.010460231453180313
2024-12-15,-0.10308045148849487,-0.010460231453180313
2024-12-16,-0.10308045148849487,-0.010460231453180313
2024-12-17,-0.10308045148849487,-0.010460231453180313
2024-12-18,-0.10332459956407547,-0.010222028940916061
2024-12-19,-0.10332459956407547,-0.010222028940916061
2024-12-20,-0.10332459956407547,-0.010222028940916061
2024-12-21,-0.10332459956407547,-0.010222028940916061
2024-12-22,-0.10332459956407547,-0.010222028940916061
2024-12-23,-0.10332459956407547,-0.010222028940916061
2024-12-24,-0.10332459956407547,-0.010222028940916061
2024-12-25,-0.10359985381364822,-0.01056603528559208
2024-12-26,-0.10359985381364822,-0.01056603528559208
2024-12-27,-0.10359985381364822,-0.01056603528559208
2024-12-28,-0.10359985381364822,-0.01056603528559208
2024-12-29,-0.10359985381364822,-0.01056603528559208
2024-12-30,-0.10359985381364822,-0.01056603528559208
2024-12-31,-0.10359985381364822,-0.01056603528559208
