,Equal Weight,Classical Markowitz,NW (Gamma=1.0),NW (Gamma=0.0),BTC (Buy & Hold),SAC-Net (Excess NW),SAC-Net (Sharpe Incr)
2019-04-02,1.1639118077204258,1.11845305714395,1.1506353287895885,1.1338238931902982,1.160041979768395,1.1506353323379583,1.1506352606423318
2019-04-03,1.1979510891629135,1.091273430383235,1.1743870442888444,1.137513046685837,1.1819754653452004,1.1743870586326446,1.1743868996273839
2019-04-04,1.181067077309792,1.086652213797392,1.1591125219330256,1.1209701717552436,1.16997786847908,1.1591125354730774,1.1591123745153626
2019-04-05,1.2324718703469375,1.133009130688439,1.2116311727533677,1.1736676579336733,1.1967354113762103,1.2116311839684366,1.2116310337512712
2019-04-06,1.2367600186338532,1.1195243103422956,1.2104631181095216,1.1658514094514776,1.202220084038673,1.21046313729914,1.210462952118089
2019-04-07,1.2738109512108,1.1517469679179502,1.2482332665041265,1.205478628259526,1.2348195922160992,1.2482332848142976,1.2482331099682595
2019-04-08,1.2769967682967556,1.1577618253223256,1.2510978737601637,1.2146226648163425,1.2562171295946405,1.251097900609469,1.2510977436702173
2019-04-09,1.248716296837003,1.1331444028396418,1.21636615098288,1.1789353710068875,1.2359126072341307,1.2163661427789214,1.2147580196497798
2019-04-10,1.2678307086803329,1.141355430493803,1.2225457509007456,1.1853516079640762,1.263988590376212,1.222545707252999,1.2196525149755881
2019-04-11,1.1669990733475475,1.0555042436441973,1.1250171728890916,1.0953211238967646,1.2006936977561065,1.1250171764497297,1.1225540448576012
2019-04-12,1.171815289320603,1.0581944464969397,1.126798822930093,1.096918501941336,1.2066182364445586,1.1267988201050227,1.123674346498474
2019-04-13,1.170224484488096,1.0601780561194971,1.1303849530882586,1.1012616225609215,1.2082878562466262,1.1303849795201135,1.1278560731216836
2019-04-14,1.2021668888276262,1.091416082724445,1.1566935208545925,1.1229976911421669,1.2250359555064034,1.1566934985890276,1.1526618146730236
2019-04-15,1.185044869250801,1.0652455641430996,1.1392353744285224,1.1088807123572548,1.2009496836010112,1.1392353841956484,1.1359999966196417
2019-04-16,1.2162508092823994,1.0924674741438491,1.16767148889192,1.1402683705018666,1.2402248329482506,1.1676715030143225,1.1643553518559717
2019-04-17,1.2068446113189066,1.0923475105057525,1.1559517564746686,1.133709821293735,1.2440985763440888,1.155951764693982,1.1526689057337898
2019-04-18,1.23546831641768,1.1237040465764212,1.2177924910372935,1.1859722165475142,1.2550529241579629,1.2177925050475362,1.214334004241579
2019-04-19,1.2443745621537219,1.1375894482632143,1.2643457551838255,1.2260053554978798,1.2563377273092515,1.2643457719746014,1.2607550557359988
2019-04-20,1.2394780361154658,1.1379764403983101,1.2695602136829665,1.235980558381826,1.2643831081221784,1.2695602336891312,1.265954704397731
2019-04-21,1.2008089596317437,1.1082850956648032,1.2267761699869935,1.2077865203717837,1.2588388849137708,1.2267761840147622,1.2232921690349863
2019-04-22,1.2061692045670842,1.1138070795252397,1.2255782696232003,1.212322970506094,1.278774591848387,1.2255782826258073,1.222097670202904
2019-04-23,1.1909225443729468,1.098313930570562,1.1971310825860464,1.1961819445931945,1.3191041740689229,1.1971310868604883,1.193731275155575
2019-04-24,1.1426975974098157,1.0528923614696328,1.1568423735226812,1.1589307918759886,1.2934088866924591,1.156842415246004,1.1535569796027234
2019-04-25,1.094607613967808,1.0126247756535707,1.1058608231180265,1.107362537069392,1.2317638416243264,1.1058608618579937,1.1027202122651782
2019-04-26,1.1152601577358856,1.0353017204304893,1.1316839621240218,1.1311798716524983,1.2479292804631976,1.1316839956861846,1.128470011618499
2019-04-27,1.1102806945306762,1.0282468786116192,1.1233915373104102,1.1239293398749242,1.245312861800209,1.123391572150248,1.1202011409137558
2019-04-28,1.1032919790228441,1.0312581838218515,1.1301036978775325,1.1300305085568776,1.2492890531536653,1.1301037342890077,1.126894235687712
2019-04-29,1.0684075668909108,0.9986239079647669,1.0926294927785134,1.0980040321975708,1.2403250556553087,1.0926295271736333,1.0895264571884338
2019-04-30,1.1270266158907254,1.0408695686196137,1.127047859542304,1.1323270618710097,1.2645221684769898,1.127047893454216,1.123847070801725
2019-05-01,1.1246190465146726,1.040673736052337,1.1241334287868625,1.129487795731433,1.276744995166891,1.1241334584162728,1.1209409100259768
2019-05-02,1.1340134840699505,1.0565960683697697,1.1510556388448536,1.1570399539956315,1.3007605426781568,1.1510556773435547,1.147786680523113
2019-05-03,1.178905450939238,1.0911341098419463,1.1785210126988874,1.1841093079782508,1.3614635199224683,1.1785210490766975,1.175174056709216
2019-05-04,1.1576978334941834,1.0702261794403038,1.1566984934690636,1.1620963071489614,1.3762240118599776,1.1566985345365997,1.153413529612161
2019-05-05,1.1513061859828158,1.0628124084710917,1.1544935637192908,1.1598991293763583,1.3678297265634116,1.1544936044043197,1.151214860890356
2019-05-06,1.149257709310039,1.052200933101716,1.1500631314129017,1.1536663679652437,1.3562396804968189,1.1500631570808189,1.1467969921050811
2019-05-07,1.1340896306473363,1.0368284938400099,1.1339221177307566,1.13316903078111,1.3756163663490828,1.1339221430384272,1.1307018184227342
2019-05-08,1.1409265797234664,1.0515614005991045,1.1407375151910926,1.140635868921554,1.4112447687667935,1.140737540650874,1.1374978604189274
2019-05-09,1.1159964176116222,1.0166765736620063,1.1139776048854348,1.1152912221556288,1.4558417028454484,1.1139776297479698,1.1108139474792793
2019-05-10,1.138734270080648,1.0410890369966723,1.1402922745156447,1.145273427883518,1.503236803075374,1.140292299965489,1.1370538844202231
2019-05-11,1.2740912292762765,1.1291866404243835,1.273154659967618,1.2589010714913065,1.6862646329150033,1.2731546883827782,1.2695389454254087
2019-05-12,1.2260601578810646,1.0866032134744452,1.2253466344620023,1.21573917065491,1.6309752361610828,1.2253466618101494,1.221866693007314
2019-05-13,1.3031940800716335,1.1767858251007872,1.3050654754690103,1.31575721486446,1.8170347214535012,1.3050655045963786,1.301359135358356
2019-05-14,1.4050620168471355,1.2747581580882523,1.429829494600234,1.4530374247943225,1.8582981402060557,1.4155126998343113,1.4257687752326005
2019-05-15,1.549707175638857,1.4116675468664268,1.5867915024210355,1.6061241665856478,1.9066527227097547,1.5377567163366064,1.5822850222747593
2019-05-16,1.5102761960197175,1.3774938289567058,1.5337949281689391,1.5475179652394275,1.830742216723299,1.5096866100951132,1.5294389870107212
2019-05-17,1.4036244352491494,1.2816078789864265,1.4291024285536118,1.4401589684566352,1.700610721626967,1.4032614998143569,1.4250438147877265
2019-05-18,1.3961386467293428,1.2815665794516198,1.4224295181626758,1.4281448196311988,1.6836947742427555,1.389365171427311,1.418389832709575
2019-05-19,1.5379720943153072,1.4138087249156208,1.5607219028084602,1.5713129375049877,1.8856201191851316,1.5249176597730605,1.5562894619937142
2019-05-20,1.489167729838855,1.372177230808778,1.510417817263763,1.5201017419199412,1.8344710781635047,1.4742361654533214,1.506128241232957
2019-05-21,1.5090983853463533,1.4048142844457379,1.557131523943079,1.5692341007856543,1.831023121506303,1.5198308032626688,1.552709277414872
2019-05-22,1.4357536849885488,1.3467163582373283,1.502903123715929,1.5151067585951252,1.7647057280239857,1.4669014287949607,1.4986348872005713
2019-05-23,1.4541048902219262,1.360557582832911,1.5199741884378681,1.5347015149699552,1.8104716643608159,1.483563576934494,1.5156574826922853
2019-05-24,1.5049579198310579,1.4090981830623488,1.583309287770338,1.591959268806761,1.8345500604667115,1.5453815112097284,1.5788126727420526
2019-05-25,1.5183386267048262,1.423989965982281,1.6112075802240429,1.617403724672647,1.8494581964545362,1.5726115019904723,1.6066317256429299
2019-05-26,1.6113134261613116,1.5085495680133199,1.6869621315828065,1.6881279566962186,1.986783382275119,1.6465514282090297,1.682171136714728
2019-05-27,1.691808632229036,1.5924643394851599,1.7306182291568857,1.734401751453162,2.016919901549083,1.689161767217164,1.7257032352114177
2019-05-28,1.686403150863505,1.584381200141225,1.7157927508414756,1.7205967625396665,1.9971676744043585,1.6860967779801797,1.7090542985933468
2019-05-29,1.6821555475879868,1.5708487010132248,1.7143194349969553,1.7190538292575583,1.9832686812992275,1.6815902177090973,1.7062623685441107
2019-05-30,1.5871651845978758,1.4805420886216012,1.6375077907535884,1.638954777495585,1.9038255859070023,1.5838976236460531,1.6263527851160444
2019-05-31,1.6667033920185947,1.5657317183290795,1.6832501666727897,1.6919163152517087,1.9613097716769783,1.6992134820152462,1.6758397236409261
2019-06-01,1.660673470658896,1.575458173842564,1.690061757464743,1.6956878545193386,1.9589099113880966,1.639853737873691,1.6882176110851135
2019-06-02,1.6930476984407459,1.5975314311181272,1.7141832858658002,1.71819685910275,1.9994187344005256,1.651771640429744,1.7131652762374805
2019-06-03,1.5638166081069877,1.4574021634007854,1.6070874966879343,1.6049602630712958,1.8734192472624611,1.5041248750818392,1.602093612363204
2019-06-04,1.4830678442838507,1.3715578591268183,1.5094207752495974,1.508158445953583,1.7553910651292561,1.4127153432362642,1.5047304331477156
2019-06-05,1.507397860793669,1.4049498311962474,1.5578046580653786,1.5560346001034704,1.7817157407897057,1.4579997610458901,1.5529637866093375
2019-06-06,1.524798740792212,1.4279674576391903,1.5701975283270317,1.57786745299586,1.7812128674400258,1.4695988177508506,1.5653181014075161
2019-06-07,1.5602523601488443,1.4442899599785306,1.5917723960137238,1.6028781433185983,1.8310460897456664,1.489791227814285,1.5868260032963806
2019-06-08,1.5362123791226858,1.4288533473235063,1.5873999351516948,1.6011047145226474,1.8104845931282239,1.485699253286491,1.5824669774385935
2019-06-09,1.4633688219539078,1.3590623040022434,1.5183587990696554,1.531473170560409,1.748891321009282,1.4210812928887218,1.5136404171387352
2019-06-10,1.5369594089876926,1.4198310738047757,1.589997126641122,1.6105176535074308,1.8185182400429694,1.4881299430365789,1.585056119374062
2019-06-11,1.5327548097942778,1.4150927354637144,1.5862706007999992,1.6081136462503696,1.8019370397975458,1.4846422395420822,1.581341268055327
2019-06-12,1.5859995566761413,1.4902280803053853,1.6510638831353808,1.683301143103199,1.8508501516816132,1.5452845029833324,1.6459333524294344
2019-06-13,1.5806795336450554,1.4927901596111035,1.6757712563826306,1.7015943158609823,1.870078177573026,1.5684089189462682,1.670563922814398
2019-06-14,1.5972103744996446,1.5050058660195171,1.684202896668085,1.6999305690950122,1.9724007485689363,1.576300000163119,1.6789689122067484
2019-06-15,1.6233697664034408,1.5187461563423605,1.6947894491514772,1.7099873028381325,2.004923884615111,1.5862082355570437,1.6895224913292777
2019-06-16,1.6400573870254065,1.5214254120181625,1.7024435737545205,1.713006366224787,2.040027977252354,1.5933718730387163,1.6971526983925818
2019-06-17,1.675336455125777,1.5722187405718702,1.7559927057862144,1.7668374340815285,2.112629467064156,1.643490251158825,1.7505354242760016
2019-06-18,1.6281909939649601,1.5385655763749708,1.7295849671664776,1.7428338675813109,2.0578444410350314,1.6187744276309997,1.724209756242915
2019-06-19,1.6490324975024457,1.5621594797381688,1.76022777031678,1.7757880110891677,2.100842861676931,1.6474540341323678,1.7547573402175527
2019-06-20,1.6487188817965515,1.585179308036052,1.782402724586945,1.8032875939052777,2.1575309471864994,1.6682083536229915,1.7768634184249485
2019-06-21,1.720238384997054,1.658536706243504,1.8622422239435692,1.8929872348111312,2.2930035812053604,1.7429327823964313,1.8564548551528202
2019-06-22,1.8080161488670463,1.6952832854198578,1.9044314815950676,1.9306188280159144,2.415597949725823,1.7824190460708145,1.8985130362771259
2019-06-23,1.7855953278934669,1.685940728282962,1.8808662727848597,1.9080001086956984,2.45003999182837,1.7603636221953913,1.8750210838086698
2019-06-24,1.796269312638696,1.7000855342770778,1.8909955020638542,1.9195429372137043,2.4849385974791627,1.7698439092745921,1.8851188466098312
2019-06-25,1.804296554924185,1.7024119177708033,1.8972648470071916,1.9293674061875048,2.654971522768223,1.7757115787891113,1.89136869801037
2019-06-26,1.8015175042300486,1.7141425142491393,1.9072331505657762,1.950787621961385,2.9174623518104577,1.7850412054927518,1.9013059985923442
2019-06-27,1.5682589794676558,1.5053112245362725,1.6703601944502344,1.7071378976193983,2.4745341688351576,1.5633441568978408,1.6651691889020164
2019-06-28,1.6519681577492327,1.583527501281746,1.7586636575631365,1.797207474057625,2.7316632946509056,1.6459902160655182,1.75319822288388
2019-06-29,1.6931696218062715,1.6214494113098294,1.7979307902777562,1.8386292392361552,2.6312134036374384,1.6827416202363705,1.7923433400043702
2019-06-30,1.5325833673227396,1.4759892816611082,1.6318911272609433,1.6681284701013714,2.3670873663122056,1.5273397291397013,1.6268196816096137
2019-07-01,1.5574592604112023,1.4849999937233762,1.649355664586507,1.686099314616165,2.3153152577185505,1.5436853506392723,1.644229942872822
2019-07-02,1.5334325409115126,1.4626453963417603,1.6162043271230353,1.6510388989244453,2.3626398238194035,1.512657960117673,1.611181655049028
2019-07-03,1.5920881530867248,1.5199355176555829,1.6636393740135231,1.6968954406297734,2.6035639316761436,1.557053997100101,1.6584693466479175
2019-07-04,1.517560045079436,1.457532558214747,1.6200446776054418,1.6473360434546036,2.4359394209279053,1.5162522895752821,1.615010115923508
2019-07-05,1.5110293314174894,1.4453471989770794,1.6075301674362137,1.6360932526842331,2.3839174748118483,1.5045395505726715,1.6025344798253633
2019-07-06,1.5249365412364946,1.4628333186295517,1.6140510971535533,1.6493778958990915,2.433364171251192,1.5106427047401925,1.6090351454340208
2019-07-07,1.5762160717019422,1.5095163490076828,1.661897824104634,1.6925422155977268,2.485405857876979,1.5554239965372625,1.6567331456722398
2019-07-08,1.6014872011157433,1.5347034115918965,1.6851321284334018,1.7107928961902197,2.6603618072707107,1.5771697556672113,1.6798952893521881
2019-07-09,1.5804109969639828,1.5098509599208727,1.655404529932189,1.6802164817029093,2.7219739065974164,1.549346725749458,1.650260067711365
2019-07-10,1.4712974290319238,1.4140655844337382,1.5523637045762517,1.5812309979446453,2.630103945632955,1.4529074667864081,1.547539449795692
2019-07-11,1.3365123595867714,1.3098913367998035,1.4324373175650267,1.4644910544133922,2.451560874772195,1.3406644948837414,1.4279857758408923
2019-07-12,1.39999799054488,1.3862398443586939,1.4988650100997778,1.5432179338373222,2.5483307337758796,1.402836330595655,1.494207030894882
2019-07-13,1.3609035611641538,1.3460399256604056,1.4665468054531983,1.5100225135114227,2.455294304681937,1.3725886739239077,1.4619892628100484
2019-07-14,1.1920835079522145,1.2138689307256207,1.3056175890806716,1.3489577152493561,2.1973017964768,1.2219698523439813,1.3015601832236903
2019-07-15,1.2256599795932561,1.2347589918682753,1.322750849291038,1.3627720221177904,2.330114630440585,1.2380053786018723,1.3186401788846656
2019-07-16,1.070893211785528,1.081250662553693,1.1795102745648414,1.2140463082542847,2.00535092962447,1.1039418809658845,1.1758447614247174
2019-07-17,1.1302580311540824,1.1526572232303753,1.2568926170727646,1.2931276456270848,2.050574157642751,1.1763665134343104,1.2529866138363304
2019-07-18,1.2240704943315452,1.252940617948896,1.3530848561909004,1.391587839067944,2.2466491421265102,1.2663959477788973,1.3488799062067622
2019-07-19,1.2283000262883537,1.2632019108834323,1.3597936304210871,1.3974458140446961,2.217873022922458,1.2726749357345468,1.355567851051107
2019-07-20,1.2755665722350369,1.3090953979723978,1.414170877872144,1.454289514506141,2.2671120026763267,1.323568367210141,1.4097761185531779
2019-07-21,1.2602372003500475,1.2979205899327038,1.3938725083052073,1.4339267827806819,2.231452001793379,1.3045704684103376,1.3895408343595372
2019-07-22,1.2148133687230032,1.2503714496713283,1.365569338402551,1.4047973817658437,2.1768944419969047,1.2780806032350955,1.3613256150651478
2019-07-23,1.1657309788310115,1.2015608452833009,1.3122051590215134,1.3498326294960203,2.0817468124442255,1.2281353338612586,1.3081272714988337
2019-07-24,1.1879306993894363,1.199910086185202,1.3197569418074695,1.3575006269803072,2.0629825191759457,1.2352032920345528,1.3156555763497417
2019-07-25,1.182514559285015,1.2003023643163098,1.314268949638287,1.3518533237460908,2.0838838764875054,1.2300669000972149,1.3101846409406284
2019-07-26,1.1981802863916702,1.2092330973657277,1.3340085206168735,1.3721535015412698,2.075132482486446,1.2485418065196623,1.3298628686535185
2019-07-27,1.1386786474951773,1.1608333003528275,1.27969083714245,1.3163434687989122,1.9909001520367966,1.1977041277923246,1.27571399179596
2019-07-28,1.1458667747798266,1.1653767987904746,1.2806403727951565,1.3172808013559654,2.006630854136258,1.198592826435701,1.276660573190157
2019-07-29,1.1389040658379368,1.153050306412686,1.2659028775549166,1.30210525169571,1.9995363390986522,1.1847995270812723,1.2619688747962081
2019-07-30,1.145915748947185,1.159072805109055,1.2747029276914068,1.3111497069063467,2.0179941147460823,1.1930357932863846,1.2707415906553354
2019-07-31,1.1843861197536263,1.193796891809331,1.2979218290168377,1.3349994375032763,2.1160188208861768,1.2147670930368248,1.2938883188540227
2019-08-01,1.1880072474665544,1.2109289160340433,1.31578429110404,1.3534161787096068,2.180901333181494,1.2314851391726673,1.3116952506734496
2019-08-02,1.1682946988984435,1.20132048844694,1.292391544108648,1.3294493914686567,2.2056125180317543,1.2095911079316204,1.2883751833152153
2019-08-03,1.1827366403398256,1.2187348392634845,1.3007586565478215,1.338107069064439,2.2683647030096923,1.217422162674274,1.2967162874577804
2019-08-04,1.1834407338226056,1.222417378896341,1.3006140145806102,1.3379944891210258,2.2992717778948233,1.2172867953604165,1.2965720954318132
2019-08-05,1.225533770650852,1.268844686780638,1.3245054283302484,1.3626493354511908,2.4680323771018107,1.2396475272925955,1.320389232399615
2019-08-06,1.1737327833274078,1.2321322320807355,1.2822164386345456,1.319719322922836,2.398602595910604,1.200067891507962,1.278231659873717
2019-08-07,1.1884334310287594,1.2640318870404517,1.31665837885074,1.355140667043155,2.493616288213926,1.2323032135533327,1.3125665526981134
2019-08-08,1.182515289351312,1.268112864564954,1.325919851574381,1.3657542108192542,2.49871410033628,1.2409713217971865,1.3217992286512217
2019-08-09,1.1218449546010398,1.2300912166308797,1.281067822783769,1.319447780716106,2.47701435631574,1.198992856838026,1.2770865898962107
2019-08-10,1.1265669680207895,1.209609703047952,1.2760454360185638,1.315198107088663,2.3684054339571428,1.1942922436326713,1.272079810445891
2019-08-11,1.1628625646412996,1.2344986719021966,1.3012814652852924,1.3401849829799894,2.4035123974844352,1.2179114569485585,1.297237411846361
2019-08-12,1.1436847090931697,1.223251335759283,1.290539772701008,1.3301299331705638,2.373929978612898,1.2078579608109163,1.2865290991983054
2019-08-13,1.1287837048763099,1.1966871377713122,1.2644809400188342,1.3033631104995478,2.2701722806412565,1.1834686544310284,1.2605512471793905
2019-08-14,1.014842257702909,1.0854832131203997,1.1447996553739277,1.1798730887050763,2.087110192011641,1.071455064815746,1.1412419011574284
2019-08-15,1.0250538358446188,1.1052230159044274,1.1655075450967318,1.2012082440045975,2.1403775142676884,1.0908362492924393,1.1618854365970421
2019-08-16,1.0095534352010913,1.0930792071098405,1.1521252162159457,1.1873559930084954,2.15337198588012,1.0783112953468355,1.1485446998130564
2019-08-17,1.0018937832730832,1.0888497707773444,1.1513969528606298,1.1866680985596298,2.1235687097401272,1.077629689929526,1.1478186995984954
2019-08-18,1.0401645159652393,1.1274532083986333,1.1960808992014615,1.2327746456729685,2.1471118698378633,1.11945084146711,1.192363776272093
2019-08-19,1.0642137385901558,1.1600116847418185,1.2188390304146721,1.256228141952009,2.2623105699813015,1.1407509146684105,1.2150511855844945
2019-08-20,1.0385878638081982,1.1349036817679854,1.1908842713081516,1.22726304847158,2.2304151521930216,1.114587150434224,1.1871833028528174
2019-08-21,0.9923073615689159,1.0843310262631924,1.1386306673129478,1.1732964548175324,2.096946512041688,1.0656813105423322,1.1350920898630434
2019-08-22,1.00829960357213,1.0957803121034844,1.155648326511702,1.17770517832524,2.095499350064754,1.0816086886620486,1.1520568624035425
2019-08-23,1.0299700201361421,1.1179023729848714,1.1808224840740202,1.2014244992195242,2.1520062479714412,1.105169997920457,1.1771527850910541
2019-08-24,1.0092028259757007,1.0951734264046287,1.1565453041544544,1.1737406677482862,2.1001068168898485,1.0824481991400863,1.1529510525310842
2019-08-25,1.0035065495875168,1.095503787867869,1.1524573084248118,1.1784312192426838,2.0956696998992332,1.0786221118033088,1.148875761460144
2019-08-26,1.0112244192766016,1.1006912312891242,1.1609878884898415,1.1820223735674387,2.143145695945481,1.0866061577871058,1.1573798305765197
2019-08-27,0.9994279850068767,1.0864623687416013,1.1468046277618813,1.1682334964701993,2.104502671853092,1.0733315848456118,1.1432406478502455
2019-08-28,0.9345408884839598,1.0256659904498977,1.0740334615835334,1.0923868313938305,2.013494858939957,1.005222694157131,1.0706956361258713
2019-08-29,0.9005666073586803,0.9878047540011585,1.0335000259100886,1.0526742219567697,1.962440923735303,0.967286139362758,1.0302881681604323
2019-08-30,0.9017763598801162,0.9890845252907313,1.0356212494569823,1.0540883042510243,1.9805109360592967,0.9692714611501423,1.0324027994788625
2019-08-31,0.9055420247876813,0.9916334335355115,1.0376286124224092,1.0584899979673252,1.9872037300905494,0.9711502171772968,1.0344039240658325
2019-09-01,0.9087550251292458,0.9930626462373342,1.0424681014908952,1.0622456808974565,2.0133002417737083,0.9756796516729083,1.0392283732213246
2019-09-02,0.93493497272084,1.0244932614865478,1.0715114549127147,1.0928474772961478,2.1312575699923393,1.0028622665303475,1.068181467216511
2019-09-03,0.9449896642242288,1.037487157914557,1.0836108557121207,1.1046004275708516,2.1875202087605996,1.0141864875209106,1.0802432661259804
2019-09-04,0.9277087852221445,1.0193637846339156,1.0639960230704724,1.0844007713659631,2.1815309009723567,0.9958283305171488,1.0606893914433537
2019-09-05,0.9178493834152666,1.0124705599102195,1.0526469115128538,1.0728760956326993,2.177623324193015,0.985206329522576,1.0493755500657005
2019-09-06,0.896610994485821,0.9933754084108564,1.0285164785326573,1.0480504976600056,2.131375893838491,0.9626218759454093,1.025320108392932
2019-09-07,0.9375332509653354,1.0336294071971142,1.0751387309463198,1.095884610260109,2.1648633407797377,1.006257151622536,1.0717974705898872
2019-09-08,0.9548598399183517,1.0518157237687242,1.095161008783205,1.116137696923822,2.149167219543934,1.0249966497777234,1.0917575242307163
2019-09-09,0.9502388576484931,1.0463745384772247,1.089341268079381,1.1107362209243217,2.127174585054687,1.0195497660079822,1.0859558698150509
2019-09-10,0.9393228802645724,1.0294226764393957,1.076228728539736,1.0979765117527602,2.081615140608167,1.0072773156646788,1.0728840807453452
2019-09-11,0.9278968497595736,1.0213504926784203,1.0627154974838835,1.0846206004035919,2.0944153427203567,0.9946298451568394,1.059412845407733
2019-09-12,0.9263114165851708,1.019309526580268,1.0591051319664655,1.0827673841953829,2.1415689972436143,0.9912507871643182,1.0558136999969192
2019-09-13,0.9267240111426347,1.0131908985730234,1.0593446396512924,1.0832496668507834,2.131345028513657,0.9914749501618819,1.056052463352192
2019-09-14,0.9492179547043792,1.0367229306784065,1.0835569789844306,1.1095428853024953,2.1308310747795223,1.01413606254692,1.0801895568335886
2019-09-15,0.9480793927111995,1.0363014455331203,1.0811691454352972,1.1082120177680714,2.12870373081213,1.0119012118094857,1.0778091440696487
2019-09-16,0.9564437120831398,1.0369343710471015,1.0867816623687105,1.117989088464574,2.114064251703852,1.0171541481425288,1.0834042187141837
2019-09-17,0.997124564682678,1.0752500806185337,1.1331951872592025,1.1655410235561456,2.1067443830747674,1.0605940689720574,1.1296735017889024
2019-09-18,1.0598382578670449,1.1492829079952351,1.2094171860106915,1.2388471928494023,2.0978751362154493,1.1319327056958415,1.2056586209832785
2019-09-19,1.048448412697611,1.1292671215273928,1.195701157356907,1.225533578615906,2.1118510679296745,1.1190954303494478,1.1919852185223208
2019-09-20,1.0232660640517308,1.0991422287407626,1.1677794784887734,1.1960978777457671,2.0943403671949943,1.092962626984028,1.1641503134755562
2019-09-21,1.0141411814938488,1.081021405723252,1.157498009411922,1.1854317831242511,2.0607651084115215,1.083339867157804,1.153900796800703
2019-09-22,0.9854167251145681,1.056008080073998,1.1226489787528897,1.1518557049939775,2.0711613786734566,1.0507235309414547,1.1191600681713851
2019-09-23,0.9319909308638521,0.9971025147854571,1.0616344684478927,1.089406180510448,1.999798994610343,0.9936180750779958,1.0583351756146895
2019-09-24,0.7537185964616068,0.7979781266930692,0.8719215000349217,0.8797236448429656,1.7578360159430766,0.8160595799375371,0.8692118597303239
2019-09-25,0.7732223732448269,0.8163447155258992,0.8881114449946639,0.8975175405790714,1.7303856216981017,0.8312122760169431,0.8853515067794308
2019-09-26,0.7506834478770112,0.786244574502105,0.8584806044826415,0.8640941785815359,1.6536745973001912,0.8034798108282647,0.8558127657421605
2019-09-27,0.7701656279094979,0.7981969293758033,0.8782553100487779,0.884651229144358,1.6805201395723113,0.8219875887370718,0.8755259958216915
2019-09-28,0.7687740403557298,0.8021943785033029,0.8757415800738034,0.8860277522610848,1.6793119027717975,0.8196349068984697,0.8730200758528195
2019-09-29,0.7522135324888798,0.786067858146809,0.8578497969866647,0.8657031411504181,1.6501972213488731,0.8028894078975523,0.8551839081917622
2019-09-30,0.7880146044525429,0.8198220978926818,0.8964653061887512,0.9032007343414873,1.6883758607573394,0.8390309084899126,0.8936794178443435
2019-10-01,0.7778709316017581,0.8156390474022622,0.8920958909026889,0.8988186879486398,1.6984040074218214,0.8349414325698675,0.8893235820099902
2019-10-02,0.7878117532319553,0.8252526895194962,0.9009074818428908,0.9076800148678164,1.708504482834226,0.8431884864318365,0.8981077897030142
2019-10-03,0.7749177252038787,0.810220286838487,0.8853938806042496,0.8920623631002889,1.681203629163943,0.828668802123307,0.8826423990584689
2019-10-04,0.7830340667616013,0.8187583746387205,0.8898321139336497,0.8965196264848263,1.6701658110064312,0.8328226863928706,0.887066839039616
2019-10-05,0.783087802557562,0.8152944149118548,0.8864297010005888,0.8930899393454351,1.6590488594680932,0.8296382575960248,0.8836749994853222
2019-10-06,0.7740735463509458,0.8039127436813156,0.8748141843196391,0.8813860122994793,1.6254662191324811,0.8187669143995132,0.8720955776165094
2019-10-07,0.8172173371107582,0.8461712521066201,0.9140713200944638,0.920934539041803,1.6770302418784038,0.8555089358954876,0.911230715074836
2019-10-08,0.821004460001983,0.8465099758920602,0.9155805755858446,0.9227449271941954,1.6736017799788234,0.8569214951043022,0.9127352797681704
2019-10-09,0.8503590034089885,0.8718305784424573,0.9495889228994117,0.9578169924127448,1.7466186895534026,0.8887510412042307,0.9466379524386563
2019-10-10,0.8298276101494687,0.8532807841063186,0.9353007249797545,0.9435584635773935,1.7447347389551828,0.8753782746069225,0.932394166216662
2019-10-11,0.8078626774595075,0.835977587598844,0.9102647818477886,0.9181502890999688,1.6900988225666511,0.8519462915819899,0.9074360131790696
2019-10-12,0.8066750622217279,0.8370556861056616,0.9097939017955342,0.9186336860267533,1.693101706390472,0.8515055624999059,0.9069665821517731
2019-10-13,0.8185837016245051,0.8447880086447879,0.9158583439782076,0.9255131179322583,1.6899406904805738,0.8571814620007525,0.9130121732620246
2019-10-14,0.8421203598874248,0.8662958774393897,0.9394740458314209,0.9499079830551267,1.7008078589713984,0.8792841468232548,0.93655448956638
2019-10-15,0.8174666068706253,0.8350399761663878,0.9192198642119174,0.9272578924258593,1.6660689711702068,0.8603276006447728,0.9163632309739386
2019-10-16,0.7961683641066488,0.8140536548682883,0.898390370748937,0.9055904629828431,1.6337074275063135,0.8408326072912929,0.8955984770244646
2019-10-17,0.8156128635331381,0.83719414256078,0.9208674599926427,0.9298456881910451,1.6451139396647252,0.8618696433263516,0.9180057161879666
