,Classical Markowitz,NW (Gamma=1.0),NW (Gamma=0.0),BTC (Buy & Hold),SAC-Net (Sharpe Incr),SAC-Net (Total Return)
2017-10-15,0.9733085171328315,0.9995882844639884,0.9996395753314883,0.9733085171328315,0.9994664924575462,0.9992229083119278
2017-10-16,0.9813996930793127,0.9990084801266597,0.9991191143270295,0.9813996930793127,0.9989685415588306,0.9988886045317132
2017-10-17,0.9605983643911018,0.9860674074658003,0.9875597876368822,0.9605983643911018,0.9867131063601067,0.9880042803655035
2017-10-18,0.9580553752355699,0.9882956918708209,0.9895547007229489,0.9580553752355699,0.9887902481269076,0.9897785372879307
2017-10-19,0.9780376275216304,0.9888432163278535,0.9900388017032996,0.9780376275216304,0.9894179152724152,0.9905667289432794
2017-10-20,1.0286082537154309,0.9964270199782097,0.9968094428709495,1.0286082537154309,0.996818197712702,0.997599310175228
2017-10-21,1.0320503011534097,0.9923918462389736,0.9932013437517883,1.0320503011534097,0.9930500223687682,0.9943657680304058
2017-10-22,1.0280763647454787,0.9889178873238601,0.9901012932001859,1.0280763647454787,0.9898641947658422,0.9914714054859836
2017-10-23,1.014625362113473,0.9831391833280095,0.9849442050225568,1.014625362113473,0.9844939197238937,0.9865130789632858
2017-10-24,0.9430962179666205,0.976790055035031,0.9792878906393166,0.9430962179666205,0.9780107449618828,0.9798804199288628
2017-10-25,0.9805926682009438,0.9827881126930267,0.984641801052209,0.9805926682009438,0.9838540749467515,0.9855740798021777
2017-10-26,1.0065114305140563,0.9843812149117798,0.9860590387301992,1.0065114305140563,0.9855707453951622,0.9874211611788355
2017-10-27,0.9851620042495959,0.9808787125019955,0.9829348994327413,0.9851620042495959,0.9821776697050641,0.9841351626299366
2017-10-28,0.9804112689432014,0.9788699155729197,0.9811406349659197,0.9804112689432014,0.9803077189047905,0.982405300748647
2017-10-29,1.0345813565650195,0.9923663991860495,0.9931873876001416,1.0464329907413181,0.9938240262573866,0.9959505290420577
2017-10-30,1.02609145557984,0.9903352519834282,0.991376228262449,1.0424599495455809,0.9917898956565194,0.9939120459936642
2017-10-31,1.0477921981542309,0.9955662701956959,0.9960354621406562,1.0983854202088763,0.9970285970723204,0.9991619566790478
2017-11-01,1.0467032268460814,0.9953155537911146,0.9958054220319652,1.1480048802804712,0.9967775121552299,0.9989103344850582
2017-11-02,1.0853298649657157,1.0044813121389375,1.0039717218511073,1.1996172802572704,1.005956733230852,1.0081091964045066
2017-11-03,1.1092812078977663,1.0100115274547008,1.0088952574467211,1.2213257585495416,1.011495071411971,1.0136593850116973
2017-11-04,1.110963038830076,1.0103972150159484,1.0092351755124527,1.2501596708736447,1.0118813253506667,1.0140464654069434
2017-11-05,1.1100832883325134,1.010198303742942,1.00905757681519,1.254802740951367,1.0117616669776348,1.0139273192325875
2017-11-06,1.0848012339063318,1.0044537496888812,1.0039506429793188,1.1878908843920803,1.0060411987107223,1.008192720635257
2017-11-07,1.1511828941719497,1.0197811677139548,1.01760269040263,1.208286670883589,1.0195394355818284,1.0217060880623234
2017-11-08,1.1879181655328062,1.0279015104044413,1.0248188255351158,1.2604699541941076,1.0271640278933756,1.0293447893013088
2017-11-09,1.1780899241078193,1.0257743174950014,1.022934639097499,1.2058918719573741,1.024708522398719,1.026879737765976
2017-11-10,1.0852848869174283,0.9156366759399284,0.9743760779644992,1.1137621214448128,0.9888685685885317,0.9909596498376435
2017-11-11,1.090665026022523,0.9297291105913105,1.0186276012340802,1.0690296240699968,1.038913722883108,1.041105632598509
2017-11-12,1.0211607399082647,0.9044061170198723,0.9578719198069037,0.9982085406051227,0.9632918712928201,1.0127334787298843
2017-11-13,1.0848177693717795,0.9356199353479275,1.0155034647299224,1.0955437926227134,1.023532379367476,1.0477207666805775
2017-11-14,1.1865594849022119,0.9661643721791071,1.0812045337347294,1.1082069713989429,1.083838049589737,1.0820028622858753
2017-11-15,1.1887426359286868,0.9382554183628978,1.074423260764584,1.2162894660728503,1.106542307104563,1.0507273908571215
2017-11-16,1.1715721559149856,0.8392795237233117,1.045641167145522,1.3054093225569348,1.0880448376573082,0.9398476871863671
2017-11-17,1.187901353982918,0.9197037647695834,1.0710597811328535,1.2781451168396925,1.1108084902581818,1.0299022937744384
2017-11-18,1.2322280161071195,0.9687129985616854,1.1195186604410445,1.291530992510434,1.147631604490051,1.0847921222923458
2017-11-19,1.227278699705099,0.9408387212208807,1.1215960360168968,1.33173938385371,1.1301545902040213,1.0976125555199607
2017-11-20,1.277452825139002,0.9800158023986872,1.1523768782351547,1.3586667643519112,1.1739432414492235,1.1337998034059318
2017-11-21,1.2515712430875128,0.9466093041297616,1.1221245059788838,1.3370604543816014,1.1401598952500749,1.11324589386368
2017-11-22,1.3202099530630729,1.0032535775082354,1.16808073142363,1.366922111568769,1.2076218261196465,1.1780051551904467
2017-11-23,1.3808662422353355,1.1044287774477963,1.223162257390244,1.330880068477528,1.2792798143458226,1.150950823634465
2017-11-24,1.4146188368219843,1.1262344138341802,1.29731664466868,1.365994455772298,1.3021336218707087,1.1678628352769163
2017-11-25,1.425711447683239,1.1414230312959417,1.342065567691147,1.45213261353733,1.3450679645382408,1.2512715341991354
2017-11-26,1.4823407645727347,1.2117799765044772,1.3613948287927475,1.5386428042232039,1.4270458350995465,1.3646274250311907
2017-11-27,1.4783919081877985,1.2152119258004466,1.3911609295923526,1.6170506601475159,1.4306400583835948,1.532592555027143
2017-11-28,1.548451016433303,1.2279296551681347,1.4516240498769468,1.6561748933419593,1.4463419387246503,1.6982813170215172
2017-11-29,1.3738208103944962,1.0962377536167247,1.2745296709539624,1.6279135464563852,1.2904733628910496,1.4700505281704617
2017-11-30,1.4327006982772665,1.1454735108184995,1.3307798870431626,1.683739196215805,1.3482901493334303,1.5844209204828668
2017-12-01,1.468489489274059,1.2041452019616283,1.3970430081246836,1.801597918537919,1.417157323259966,1.7886373453764548
2017-12-02,1.4570139118617313,1.2180978111936025,1.3964529487815702,1.8177754950416707,1.43270952439261,1.893016530580716
2017-12-03,1.4669020774394166,1.2717728581376275,1.4240636433863518,1.8581293347741206,1.4958290976932054,1.8559489208896036
2017-12-04,1.5101925220254826,1.3016014830908513,1.4513164624696564,1.9121457045978876,1.5308994533330837,1.9752231624206775
2017-12-05,1.4956146238508063,1.2727341480095693,1.4367341879759863,1.9542449623313167,1.496944763553477,2.1105770702354785
2017-12-06,1.5879055626546763,1.2917223723084053,1.4564922235453577,2.309378488268477,1.5191778342940416,2.283022088225668
2017-12-07,1.6579100039717027,1.3235138608260986,1.5302423147737496,2.829263358725833,1.5564750535594272,2.1714269600724863
2017-12-08,1.7830810716130736,1.427033257198291,1.6170919636891685,2.61076991698883,1.6782872072856128,2.2877602207924013
2017-12-09,1.7991855580730152,1.4209968766185048,1.6406503555328136,2.3818120694141767,1.6713055476923666,2.238385781602264
2017-12-10,1.7203001187599658,1.3607087484148257,1.570278213080699,2.4249187744542495,1.600417478131699,2.0672118440005924
2017-12-11,1.9749913324116937,1.5605229101369404,1.8266084415024666,2.64687239831098,1.8354332136625173,2.3987760811601633
2017-12-12,2.425200294147842,1.8428373259658497,2.1782815407454117,2.7206303541660954,2.167496572710163,2.7917747448232033
2017-12-13,2.635197661838718,1.9012974058108543,2.2484691409203394,2.558552249403964,2.236254983498103,3.0529370215156026
2017-12-14,3.01670052101775,2.071587033573963,2.335029767647716,2.5827318561997585,2.4367833934515217,3.4456761754745258
2017-12-15,2.9533109950672607,2.080956153502182,2.359987181068918,2.755058829452928,2.447871244964211,3.445500445041741
2017-12-16,3.0339788725291807,2.199097661869349,2.4398800325827867,3.0204446297285426,2.5868709206316685,3.7273390964489925
2017-12-17,3.1211008217211913,2.2319940412774897,2.5797454762792875,2.964690483548409,2.670904941964953,4.051830990731862
2017-12-18,3.338171337152413,2.372961821392381,2.6799941203012176,2.960567340853182,2.8582934820462347,4.385281892468488
2017-12-19,3.646943068587619,2.4671955627150344,2.7491366437177214,2.7457991815347387,2.9888200185330867,4.555221018881853
2017-12-20,3.704479589395927,2.388450557642205,2.5783859465338876,2.561816730253904,2.896644147849478,4.4055406011960985
2017-12-21,3.7517526931005136,2.2553846863416367,2.4791249620909217,2.431958213574427,2.7698853440840807,4.344509113976858
2017-12-22,3.0967460742359534,1.8378298642364514,2.032236518598886,2.107964916066266,2.246520040598889,3.5566819429314958
2017-12-23,3.3718368293839034,2.0025606423492492,2.226585455301504,2.2361772633059944,2.4615736369541565,4.032108227821821
2017-12-24,3.21732743236132,1.8957566944594293,2.1099121375509617,2.115312188455164,2.3302888248873104,3.8170610245962218
2017-12-25,3.535759526598317,2.027478730000648,2.2572260162250783,2.130568408614153,2.4922032861478414,4.082280267193127
2017-12-26,3.878346898690341,2.317442149505418,2.584428801564891,2.4242701152351063,2.848630158136001,4.666114930971124
2017-12-27,4.036427245672872,2.39921031906948,2.676782724465678,2.384601413664729,2.949140684479867,4.830753350749264
2017-12-28,3.772923170231935,2.3032147914251206,2.5707885649434545,2.1915034262054065,2.831141748314678,4.6374687260396925
2017-12-29,4.070142939737844,2.4315327993160656,2.717385315533298,2.1989475959035203,2.9888718975833344,4.8958342231966645
2017-12-30,3.6884967579692214,2.239945889634106,2.5045078720438085,1.927162522857548,2.7533707689045093,4.510078539171065
2017-12-31,3.963666983354524,2.459233213420413,2.7401170629524936,2.098489532242664,3.0103672128647108,4.931090082759652
2018-01-01,4.176595193181054,2.602083716758793,2.907070762554717,2.0231538066101185,3.1923531454056864,5.228839903853612
2018-01-02,4.624009888620015,2.871863930792418,3.2271177518223824,2.21047611984795,3.5460345385337897,5.806799261242815
2018-01-03,5.3149597985700625,3.3539198400526526,3.7794771370326443,2.242539266188799,4.146110209563635,6.790923248983162
2018-01-04,5.091026592964315,3.3085445411711554,3.767808135141649,2.3005278068969353,4.133916742497614,6.770574463384136
2018-01-05,5.145586871043957,3.832293099902122,4.291817752454254,2.5557587821205803,4.7084719206552705,7.712666953832038
2018-01-06,5.359226707007807,4.377450628111119,4.850889081100319,2.5700157659401457,5.332894641468257,8.734512010252342
2018-01-07,5.587371970302866,4.209449708998148,4.952357840885949,2.4113412192675345,5.233185536687619,8.914721761994555
2018-01-08,4.832489295933685,3.6434761570973304,4.490941676061219,2.2119823793674014,4.602447455267187,8.088867005667788
2018-01-09,4.71848528474505,3.3627073026157097,4.45788192104877,2.126555791953738,4.355189165401683,8.031935332499856
2018-01-10,4.606704311860648,3.3680069650441595,4.350419687643049,2.180915161214287,4.3241859859653635,7.835084785127314
2018-01-11,4.289427562394883,3.3136628635729295,4.250438769189504,1.9397470166571422,4.245598070849413,7.661022877788357
2018-01-12,4.55504205560152,3.544551492916921,4.605594893961047,2.0211837877727477,4.562815637927241,8.31072417255967
2018-01-13,4.719633933910911,3.558326677398797,4.754405352079128,2.0753310554721964,4.62389337013779,8.579834310730273
2018-01-14,4.488102546460132,3.392365894709833,4.522265504683086,1.9885345693621053,4.408234413929279,8.104068662387778
2018-01-15,4.242927777376837,3.212223279694788,4.275657861037004,1.995424417780247,4.174146789216347,7.680332194489999
2018-01-16,3.1351521205405444,2.393158421855469,3.1802525161226782,1.6271055360263502,3.109807040754911,5.677019882173868
2018-01-17,3.15391420281068,2.4178781444052286,3.2151179498899753,1.5837834620272715,3.141929282966203,5.769710326351797
2018-01-18,3.3528897880418995,2.5478089265243034,3.3889619258097965,1.6238004554681411,3.3107687736877502,6.070463517976955
2018-01-19,3.347198596071266,2.5575846342173483,3.399898069056695,1.64244295784581,3.3234718857858523,6.099169115406
2018-01-20,3.6540420498180737,2.767521168755326,3.6761982770641777,1.8157575622071125,3.5962754409510675,6.587026965803355
2018-01-21,3.2528863921682567,2.463319064181341,3.272516934621027,1.6230119482037708,3.196468052489841,5.863176313825595
2018-01-22,3.108682663470838,2.351022088053173,3.1231791300745146,1.5266468025725077,3.048231538711422,5.595236602425023
2018-01-23,3.0696240496846383,2.3305266911632634,3.096318102438609,1.5178229589712517,3.0215901317906297,5.54658269689009
2018-01-24,3.1787969582895856,2.47716442611325,3.29316767814245,1.584889631854407,3.1926456375582206,5.895644295886009
2018-01-25,3.1442119171210856,2.4702258849802776,3.28555804027199,1.5708756266606054,3.188784114995789,5.879136523504796
2018-01-26,3.062777226130231,2.4654419986525724,3.281855240171667,1.5585499174077264,3.1794684036427325,5.8683240551672995
2018-01-27,3.13671788956822,2.528229635117879,3.365397127746511,1.5956749100451244,3.2533278112464394,6.017978535175
2018-01-28,3.4153766294504204,2.6977893842234413,3.59665139709852,1.6431632062064396,3.4871694959976622,6.4507453214478865
2018-01-29,3.231422146890466,2.559930296805141,3.4095492167378625,1.573404851717306,3.2986683607458476,6.102080940349197
2018-01-30,2.8634149887690734,2.2627564150620114,3.0206537273143392,1.3982453158222534,2.92246538342783,5.405748307134906
2018-01-31,2.9087986889293425,2.333431108547391,3.1195539523639453,1.4140387769026355,3.0091628863699458,5.567219946024654
2018-02-01,2.5373448609899776,2.0845930321522106,2.7922882827960507,1.2606749643438087,2.6790307436707015,4.956840287819377
2018-02-02,2.330607570723927,1.923952915781873,2.55379932047821,1.2130766332711636,2.4521869579561426,4.53563452218537
2018-02-03,2.5238300649841476,2.0073996246877828,2.702858596234176,1.2594557711771837,2.613288373036528,4.834190123821505
2018-02-04,2.239196750659146,1.7785699482453439,2.3936736371960703,1.1297433659993534,2.3217825547319046,4.283125888724339
2018-02-05,1.8562550458987086,1.46855587673503,1.9762598054111506,0.933188225401341,1.8859398303178625,3.5365545810525782
2018-02-06,2.080737618694933,1.6462869998828509,2.215386748137635,1.0346343622736613,2.1054883623864162,3.9645640483730062
2018-02-07,1.9934213395816547,1.5932905933924617,2.1438999922865714,1.0167746011118701,2.0433764215962147,3.8369388864930696
2018-02-08,2.1644545644120528,1.719180780970897,2.313279829276316,1.099290091794465,2.263465161652517,4.140105777966175
2018-02-09,2.378506856348078,1.8428155574151004,2.4794280108508233,1.1602606234994135,2.4074486993937203,4.437841223751035
2018-02-10,2.3919017437901617,1.793432948921205,2.413374394500334,1.1448765857343004,2.3417814364685516,4.318918750741537
2018-02-11,2.158948423920274,1.6992103079705931,2.28564017265281,1.0776170745327207,2.21845022009171,4.090352953482115
2018-02-12,2.334883881164752,1.8199763102188218,2.4706225188062976,1.1783473280154644,2.3834180751334015,4.421429452965083
2018-02-13,2.286586645362037,1.7863087108681546,2.4039424580478057,1.1341986185140698,2.332588600913498,4.302131570637996
2018-02-14,2.482594039866271,2.1005523547530043,2.771645955745527,1.2466665938962336,2.725166974404765,4.960614522363529
2018-02-15,2.548587426285917,2.1691821812161356,2.9049144600080843,1.3318910164101787,2.8282232943522705,5.199235626320537
2018-02-16,2.6600889386754147,2.2099856389561983,2.937195627244377,1.3407049032894247,2.87417317547025,5.257046362269604
2018-02-17,2.818710005806253,2.251109576262957,3.0591625616623324,1.451155979281837,2.9495941773516328,5.475255360699793
2018-02-18,2.6623484130265043,2.1114944202879906,2.8915536601892984,1.3759974577074843,2.773787016501463,5.148907923482578
2018-02-19,2.741187974004822,2.155488730881776,2.9948479607338343,1.4611355101714216,2.845257673003677,5.281581512095189
2018-02-20,2.5990587184840748,2.028471558671607,2.8990804396459366,1.4841743140400785,2.7026661280740667,5.016916879413898
2018-02-21,2.4860393598294332,1.9231590106406267,2.743461316870768,1.3883089686636054,2.5610141179754926,4.753957482339987
2018-02-22,2.3282477118300315,1.8008881653269102,2.5782752663746678,1.2963179351733298,2.4010765496171,4.457068213488018
2018-02-23,2.4306473526400563,1.908292241345632,2.696542010093049,1.3341259288513927,2.5331773553228514,4.7022882208266825
2018-02-24,2.309830684550765,1.8331409772228404,2.5823731747495953,1.269373532821104,2.430728740049009,4.5121243947815195
2018-02-25,2.3066504189517287,1.8284100713699947,2.575779076058475,1.2500384637065853,2.3980020715581936,4.500479656488056
2018-02-26,2.39804851365124,1.9077785404418908,2.6875619301626066,1.3376855854428864,2.5044964935930625,4.695838558975113
2018-02-27,2.4278796915466634,1.9387637382524534,2.7311910430149684,1.3832131874277103,2.578475888180965,4.77210605387953
2018-02-28,2.315760756752737,1.862873816260902,2.624308238098983,1.3402928144444524,2.4998586304178976,4.585309306388516
2018-03-01,2.38334080616067,1.9223273477799705,2.7080899873341497,1.4097560040023291,2.5848572068031612,4.7316492380602275
2018-03-02,2.3327070575039714,1.8965475841436803,2.6718888861874737,1.427079636757224,2.5325336527463906,4.668194479142546
2018-03-03,2.4306212531400777,1.9569062630477416,2.756764819646095,1.4780718062067908,2.5760241989660777,4.816762371727123
2018-03-04,2.5132349278973596,2.0152589997144856,2.8161010421054566,1.48101472841661,2.652838331817198,4.960392751001435
2018-03-05,2.462860849479138,1.9838889680724854,2.7806272164609815,1.4888028668666906,2.6115435813021874,4.883178044132193
2018-03-06,2.3151988786405187,1.8617528153285328,2.6240597808047,1.3830719896776003,2.4507664831527145,4.582549967333794
2018-03-07,2.1521284743526476,1.7438176128055254,2.4484765838468348,1.274435638193849,2.295519412782511,4.2922621842277024
2018-03-08,2.0316515671098925,1.6480456987646133,2.3052546424218856,1.1992980846876942,2.169447577947981,4.0565275799249045
2018-03-09,2.0497735737004708,1.6539147497501816,2.329928597099661,1.1919406451485393,2.177173452775484,4.070973746197748
2018-03-10,1.9290292014865307,1.5588269552106195,2.196484192315731,1.130174104560753,2.052002176711959,3.8369230487230137
2018-03-11,2.0724436457855115,1.6846055364873522,2.3531303545487723,1.2175487991662506,2.2097575279715977,4.14440670442502
2018-03-12,1.9687432048274083,1.5950595122942905,2.249623930789407,1.169121161510133,2.0991768671037345,3.9242336466166616
2018-03-13,1.9650945557497124,1.5959715947180901,2.2398619863944607,1.1678159996594855,2.0965290058023354,3.9263814060531224
2018-03-14,1.7235284632109082,1.404547054733717,1.9801932822915045,1.0439901102034441,1.847010558710695,3.4559890900636705
2018-03-15,1.70623902919059,1.3930512774458006,1.9716091476292668,1.0479026552765567,1.8336616971961093,3.426232048933365
2018-03-16,1.6968854269478482,1.3941070214981313,1.9646688868275988,1.0526246534210544,1.8315228665950656,3.4274776747251785
2018-03-17,1.5816977777052972,1.3111287894675032,1.8343289094830684,0.9980269766264181,1.7171726553803581,3.2215803787431283
2018-03-18,1.5822932462249923,1.3412255218405316,1.855412740905306,1.0359725465569434,1.7565900501030645,3.2955311710875574
2018-03-19,1.739737682325372,1.4861216908138777,2.0153242576496555,1.0860122030650798,1.9463591318587699,3.6515560697423686
2018-03-20,1.769955718401764,1.5037704096961604,2.034769929370184,1.1210292752310478,1.9694735127293035,3.6949209230531723
2018-03-21,1.8204756935329731,1.523676744733798,2.057832884304889,1.1230159746516153,1.9955446428685566,3.7438327276156675
2018-03-22,1.7779825351234126,1.4793887889664976,1.9922070737906021,1.0974721568122603,1.9375411329647327,3.6350125772969384
2018-03-23,1.7945917602916903,1.4838116251090847,1.9987681580302334,1.116314339168927,1.9433336907033325,3.6458799406392117
2018-03-24,1.725957445092637,1.4382882554749774,1.9396968672635868,1.089403533171899,1.8837121623171529,3.5340242754239704
2018-03-25,1.710751835442994,1.4256816453619992,1.9210883635290605,1.067525761772307,1.867201403575757,3.5030485282222332
2018-03-26,1.6085286136980197,1.34579635192432,1.8092330302144706,1.030920607600922,1.7625764137717383,3.3067620159631574
2018-03-27,1.508904452713145,1.263343729980973,1.6927920632928992,0.982540331511987,1.654589026697477,3.1041673136854406
2018-03-28,1.5053551160114171,1.2554992287428612,1.684278004960638,0.99765632104941,1.6443151619267817,3.0848925530412092
2018-03-29,1.311751260784666,1.0925512861908253,1.458566566875473,0.8934715616895342,1.4309038116584998,2.684512476228117
2018-03-30,1.3190665691366805,1.09033615747691,1.4641610093831796,0.8584839084950961,1.4280026701104078,2.6790696936246756
2018-03-31,1.3378028860179556,1.094163965866414,1.4782236870798358,0.8687642235004714,1.4330159146502761,2.6884750225897784
2018-04-01,1.285697851986304,1.0683790352222944,1.4445356463890082,0.8525048116745955,1.3992311327868856,2.625118759156863
2018-04-02,1.321643007093658,1.1157303833520291,1.510710669513491,0.8818348139993788,1.4677533781688699,2.741465976794386
2018-04-03,1.4254227543827098,1.2063226973330872,1.6250803521215855,0.9270053498265312,1.571186454396838,2.964060699629135
2018-04-04,1.2914196194496088,1.0841237604670324,1.4671524392145605,0.8489285506055582,1.4233627958982924,2.663805165410792
2018-04-05,1.2867490266765707,1.0822974242107315,1.46885392036681,0.8436642861633279,1.4284895532786888,2.6593176596408235
2018-04-06,1.2437417242446531,1.0442518388851445,1.421470016850602,0.8216864763755997,1.3852131061970558,2.565835686022104
2018-04-07,1.286889303032597,1.0771947898552545,1.4672285630391442,0.8550221148296149,1.4309711462659862,2.6467799723127214
2018-04-08,1.3212806688931136,1.0910941716753992,1.4868560553444665,0.8688197559111832,1.4497078583091905,2.6809322008683925
2018-04-09,1.2953675390110204,1.0729154078893521,1.4512590738708306,0.8369726353746572,1.4216703759150806,2.6362650689685982
2018-04-10,1.3162000519130996,1.0897693478609507,1.471191703788313,0.8448505691612382,1.442857670128007,2.6776769542963295
2018-04-11,1.382122273192179,1.1637500326067618,1.5341662950384318,0.8612008064477256,1.5337641825890136,2.8594552715585038
2018-04-12,1.5721803276449249,1.2804786837581863,1.704732748358708,0.9680990236695122,1.6913835222907923,3.146269670701618
2018-04-13,1.5801427489559445,1.2915410321634235,1.716441328250635,0.96892206080868,1.7045761079008401,3.173450974473543
2018-04-14,1.590499559938908,1.288518956427169,1.7219053978750452,0.9799375989195693,1.7033462054088728,3.1660254255998193
2018-04-15,1.6153861177508821,1.3258955110613138,1.768352725019926,1.0211308044101548,1.7525487899446368,3.2574980328731016
2018-04-16,1.5445557283586293,1.2666005820545327,1.691367706946302,0.9874251869478827,1.6754041257481551,3.114114408449838
2018-04-17,1.5353345378986791,1.247663300376525,1.655297422065857,0.968050661484981,1.6474208022481491,3.0621139641568504
2018-04-18,1.6031544822182182,1.3352368835215795,1.7410409493612264,0.9995470876959353,1.7525944071809032,3.2576205790784587
2018-04-19,1.6615673865191216,1.398091219667862,1.7902212956761205,1.0154463799375866,1.8253836330935356,3.392925267167366
2018-04-20,1.8093901242615869,1.49727018387817,1.8972803174278547,1.0808172482087255,1.9496770020782634,3.623971498239348
2018-04-21,1.8186755754084662,1.5218229800749776,1.938204898442864,1.0868788632173856,1.9824730035998146,3.684914747572941
2018-04-22,1.7994859214985803,1.49366900935075,1.9062354370335695,1.0754413005393788,1.9457969492824303,3.664573367808316
2018-04-23,1.857974424050317,1.5457084613266723,1.9777716712459188,1.0910176672402545,2.013588409160895,3.794267490664792
2018-04-24,2.1171485421458134,1.736785075975471,2.228724608190066,1.180866462507492,2.262503047587946,4.267992396413497
2018-04-25,1.8932545464659583,1.5465090017980314,1.9878195763275668,1.0723069209516018,2.014631013861559,3.766666471646621
2018-04-26,2.022993311162544,1.6649178115427044,2.1382420745846837,1.12387224149266,2.168881743377144,4.062491768745752
2018-04-27,2.00628064819033,1.6463927128710463,2.114038009160259,1.0876390574980856,2.144749212915223,4.023445274271911
2018-04-28,2.1393361070953003,1.7508951009770521,2.2504430881442694,1.1305237767841825,2.2808840264944465,4.289261255458736
2018-04-29,2.235557802485788,1.8165625271053942,2.3231832319712655,1.1390294015104971,2.3664287075957455,4.419879954989787
2018-04-30,2.0560233919230084,1.6774486019318555,2.1632001752954158,1.1172328881665812,2.185205568409668,4.128819252981329
2018-05-01,2.0883989383647856,1.6972884348347959,2.1871800032268056,1.102440538490575,2.2110508409658443,4.1734514155831
2018-05-02,2.1527349936438407,1.736679074237068,2.2365239322478776,1.1164845300284483,2.2623648637331732,4.266441722786313
2018-05-03,2.192846493787507,1.7538046944353438,2.306720965265561,1.1762579385955154,2.2846743621996186,4.434518494387504
2018-05-04,2.1973616701923633,1.7280775557828965,2.2819697810042565,1.1710433867975159,2.2511597261938254,4.393602573090183
2018-05-05,2.334011695457739,1.7910928528650776,2.3657674843384413,1.1898905748612525,2.3332494857947617,4.555266959880985
2018-05-06,2.2893117577031976,1.7499995383743305,2.318573365365454,1.1650892297868136,2.2828322577022986,4.464833723529827
2018-05-07,2.232485771619647,1.680427101737529,2.2263655115159144,1.1305782112740492,2.19314785510976,4.2902003614978526
2018-05-08,2.197694916900361,1.6568873974313163,2.1966485351471245,1.1137856184401436,2.162819218995165,4.233193652769606
2018-05-09,2.232524590344371,1.6669711920789643,2.201333279228151,1.1246306364916945,2.172481406430218,4.247436966254003
2018-05-10,2.1305201577141415,1.5652643157117792,2.080561050200815,1.090190772111386,2.0467806370312007,4.014580994195101
2018-05-11,1.9214658566512302,1.4262929947123733,1.9006370208069099,1.0150372648343773,1.8657848412046487,3.6647907828419264
2018-05-12,1.9461143249311255,1.4742080893541103,1.9572280522266012,1.02263216929486,1.9282397019784245,3.780654079566769
2018-05-13,1.9892424731727523,1.5386630097557787,2.0438621684375065,1.0486374692662594,2.00898064936518,3.9459507152183977
2018-05-14,2.0097015701508143,1.517189306009843,2.014578188370029,1.0477776236350445,1.9795008157028293,3.8908806462377825
2018-05-15,1.93086346009218,1.4507861540643998,1.9376042920026941,1.0226681838100928,1.8983199075350632,3.7205876512075804
2018-05-16,1.9104375736203327,1.4439765526598682,1.9238605084169313,1.0055155000562341,1.884371458025833,3.7031241224901614
2018-05-17,1.8329589685452745,1.3874617651930643,1.8375912008878752,0.9719800099314702,1.8043527792706704,3.558190224071749
2018-05-18,1.8729186444372268,1.471893689548471,1.8879914188588534,0.9906110944511409,1.8754955962406994,3.7747187947157324
2018-05-19,1.867401945717419,1.4472453682740745,1.8779766484430012,0.9901559579730386,1.856266615079832,3.711507287441372
2018-05-20,1.9418035209174773,1.4794712077975494,1.9389827755241085,1.0215958726333512,1.9059764133865833,3.794151540939745
2018-05-21,1.887148803364002,1.4664938684217057,1.9387319540279122,1.0102215499282563,1.8937372833035222,3.7608707497036185
2018-05-22,1.7919769862464507,1.3779259296052344,1.8239452934287639,0.9639135280844615,1.7799699511267375,3.533735411693537
2018-05-23,1.6724518400058384,1.2521781514984034,1.6784443324738487,0.9040856714891511,1.6238365651505193,3.211251207041749
2018-05-24,1.707845684347774,1.28921724150916,1.7139863053375353,0.907610053016111,1.6681219021783882,3.3062391519211327
2018-05-25,1.6860590839730634,1.2647001377251357,1.6851481021563404,0.8946951961725426,1.6367967007371103,3.2433642413907093
2018-05-26,1.6620047635155117,1.2555952654755336,1.6713019723935985,0.8797076655729205,1.624476460908593,3.2200145164690683
2018-05-27,1.6655580805779362,1.246288586435742,1.661551657783459,0.8811822395235727,1.6097102232992102,3.196147238614924
2018-05-28,1.5546951223397176,1.175827278016298,1.5666418117332273,0.8529622375436897,1.502264664473214,3.0154469392920986
2018-05-29,1.6461035367403978,1.248258129409897,1.6635762762687303,0.8922757887268005,1.600539582379524,3.2011981764652373
2018-05-30,1.6377443388479787,1.2356160033415198,1.6518452545354578,0.8843515388855216,1.5865140111415414,3.168777034550042
2018-05-31,1.6620862486057584,1.278761328764598,1.7052448024384255,0.8947556504213114,1.6355219818889235,3.2794246193599372
2018-06-01,1.6765260894736904,1.2860953108139113,1.7198151970430902,0.900382878419964,1.645007892527671,3.2982328473778355
2018-06-02,1.8024405378048525,1.3141208899196994,1.7578338043473904,0.9124791625649297,1.6845412341861317,3.37010535376062
2018-06-03,1.8230707587208295,1.3330106168022562,1.7876320349516768,0.9216018093603264,1.7087555038756632,3.418548642295547
2018-06-04,1.7563199649738888,1.2888025155265597,1.7325349961747285,0.8967036091412585,1.6520861829703335,3.3051755656705204
2018-06-05,1.7906547110076059,1.3260209039003785,1.7811492460123841,0.9108266561312192,1.6997956551790554,3.4006234063843035
2018-06-06,1.7755764174592288,1.3478285779796917,1.8052606814944552,0.9132360536900223,1.727750519533978,3.4565499965978015
2018-06-07,1.769540003992449,1.335750204716914,1.7934405671930003,0.9161260926691746,1.7122674692799889,3.4255745575451177
2018-06-08,1.7444918780124874,1.3258744922662242,1.7812649555773372,0.9097420090253617,1.699608036313184,3.400247992759994
2018-06-09,1.727408775840404,1.306517599023963,1.7542213444773551,0.8985850535419225,1.6747948764815304,3.3506066166393262
2018-06-10,1.5380669294369962,1.1548418794188662,1.5650899890610743,0.8048686202860605,1.4803652706795793,2.961629376593909
2018-06-11,1.572213130307748,1.1896245980516835,1.6004770096017062,0.8190819399637481,1.5249524662475957,3.05083084435442
2018-06-12,1.4789389957151404,1.1240612000651762,1.5149016719279647,0.7796591384404077,1.440908298361143,2.8826915002016404
2018-06-13,1.414251493448817,1.0774361227045381,1.4438080273648524,0.7516270605348858,1.3811406816602627,2.7631199837835334
2018-06-14,1.4839826704605954,1.1366925494668625,1.5252275816137004,0.7891953372261002,1.457100104107586,2.915084944917468
2018-06-15,1.427387773707114,1.099828728676787,1.4720260287837608,0.7628978695934606,1.4098452449995749,2.820546540267379
2018-06-16,1.433767438248233,1.1175415585240267,1.4945487355021572,0.7738757584174754,1.432550938059722,2.8659717221380427
2018-06-17,1.4193169994117074,1.110934888878502,1.4859113444331027,0.7678398101393071,1.426353955955978,2.849028740261586
2018-06-18,1.4569398155509752,1.1409045778062272,1.5275202101329006,0.7951758222149167,1.4679551027907982,2.9258869782220707
2018-06-19,1.4769804548289869,1.1471454938234849,1.538241876112039,0.799311657505825,1.4811015042506173,2.9418920178742893
2018-06-20,1.463682482650801,1.1362126081614015,1.5247912711982916,0.8000916885387412,1.4693467853986606,2.9138542517589854
2018-06-21,1.4524622649526922,1.132380178264743,1.5184177775926153,0.7945458135434325,1.462744600864499,2.904025908793891
2018-06-22,1.311126081691445,1.010717011011829,1.3539456178594864,0.7143561703632504,1.3028578997983054,2.5920167917360897
2018-06-23,1.325374738478755,1.009383230427241,1.3536251598454823,0.7235484202769602,1.3055047938438247,2.5885962960518216
2018-06-24,1.3075042767921907,0.9857782718193365,1.3217073843268794,0.7248094984818788,1.2724619435516413,2.5280741498899535
2018-06-25,1.321459771247955,1.0010503876022583,1.3422900792079415,0.7336725304094206,1.2906629976369428,2.56723491738945
2018-06-26,1.2685113534580101,0.9561539037866472,1.2820937966872687,0.7151841524020933,1.2299245465347497,2.452094167465524
2018-06-27,1.2947598988719224,0.9752550419830319,1.3074825412549596,0.7225936219958542,1.254539811626569,2.5010926446045145
2018-06-28,1.2366380455049872,0.934203353874007,1.2529413729237215,0.692190120377274,1.201576949724958,2.3957906649021283
2018-06-29,1.275106769997228,0.9708404662869572,1.3020680908831122,0.7281572217604758,1.2474701102110304,2.4897532842240593
2018-06-30,1.3121287297638218,0.9967663383466262,1.3366868043063047,0.7495841720760047,1.2833058480869401,2.556248281038031
2018-07-01,1.2988960317765106,0.9884665886628836,1.3250627062012243,0.7474531676714331,1.2741507872103826,2.5349632205939843
2018-07-02,1.3424379366851096,1.0260023013963282,1.3743110627980397,0.7737156642722057,1.3248306113760167,2.6312250736383267
2018-07-03,1.3238905171505906,1.0130764330343787,1.3567802457482352,0.763756608616688,1.3055816386722874,2.5980761447909484
2018-07-04,1.3281178957512607,1.0182295854935695,1.363204092828157,0.7716647035104349,1.3124401976044422,2.6112916030249993
2018-07-05,1.3184295353869477,1.0108391345091579,1.3536226434178058,0.7765139365125713,1.3055920935012373,2.592338494609111
2018-07-06,1.308661420157835,1.0064643387673518,1.3471570316910944,0.7805223032476568,1.3006455237782786,2.581119136659998
2018-07-07,1.3590068192674984,1.04166875132237,1.3951394244999584,0.8016864663194451,1.3462870240593983,2.6714023212017417
2018-07-08,1.326557811969829,1.0158848948547103,1.360950491765094,0.7919172567848498,1.3129631116334208,2.6052785356514985
2018-07-09,1.3107538292676821,1.0031088904388064,1.3439093516270453,0.7881520964765061,1.2964509858560767,2.5725139418840253
2018-07-10,1.2255463926338397,0.938221166628131,1.2568539348814123,0.7384771026283551,1.2125879562578048,2.406106712961317
2018-07-11,1.2326324378573668,0.9456135431317574,1.2660918170901936,0.7459938482859066,1.2221421205427307,2.4250647886925774
2018-07-12,1.1869907037593541,0.9117502090745515,1.2203371413213362,0.7263848276269486,1.1783760407525725,2.33822088467753
2018-07-13,1.194207555138194,0.9166904465769438,1.2271017033324167,0.7274615402355951,1.1847609646921515,2.350890326011753
2018-07-14,1.1943685078459756,0.9167120020385455,1.2271227108452225,0.731887686560678,1.1847888254480423,2.3509456022087676
2018-07-15,1.224863409438846,0.9317730567637794,1.2474734830059606,0.7415631097850311,1.2058378174734432,2.3895703038010154
2018-07-16,1.3180160740859184,0.9977299690925577,1.3358225472593852,0.7848316425432209,1.2972611636090157,2.558719523884832
2018-07-17,1.392305748802531,1.0533987819057768,1.4103204654657913,0.8495275630512498,1.3691824133118535,2.701484488359612
2018-07-18,1.4109439948939633,1.0296786480353393,1.3793997007985097,0.8552798043983654,1.3376664430879848,2.6406532975868804
2018-07-19,1.4011003207322617,1.0298819589878885,1.37975861256355,0.8663565660627598,1.3369218815320594,2.6411746818405035
2018-07-20,1.3064557329606046,0.978684271831282,1.310811370090051,0.8531771166608497,1.266242256035077,2.509876089434162
2018-07-21,1.3405244183809064,0.9929877785776402,1.3302445464426766,0.8607032703918346,1.286980844387602,2.546558042113474
2018-07-22,1.3229953103551588,0.986943897981884,1.3229033487673267,0.8606104809720984,1.2791476398477668,2.5310582708899743
2018-07-23,1.3196742133172714,0.9938910147992736,1.3351944370394906,0.8939045437111267,1.2881497714876382,2.548874498849578
2018-07-24,1.4024968113815746,1.0465083611411654,1.4050814847839768,0.9729745497524586,1.3563371411948382,2.683813934513894
2018-07-25,1.4198232287061214,1.047739501992582,1.4086963702032957,0.9445104805156155,1.357943542970423,2.686971181176825
2018-07-26,1.3862448171483912,1.0362194282088781,1.3940282486753366,0.9176000369893451,1.3430194146333243,2.6574274487340226
2018-07-27,1.4129928237479155,1.0590147438563857,1.4263691999302894,0.9419047491889573,1.3725663219100166,2.7158869867076225
2018-07-28,1.4232070885749322,1.0704794377874034,1.4437090325323123,0.9450304637750317,1.387431339842959,2.7452886566715073
2018-07-29,1.4251409687321477,1.0613020895922838,1.4308382960805892,0.9480606212406391,1.3755367292481457,2.7288134239366966
2018-07-30,1.3782851263292022,1.035607854114288,1.3956148747985277,0.9436691924792363,1.3422348425919284,2.665174450806701
2018-07-31,1.3273750967703977,1.0081883173041941,1.3592587552931266,0.8963555613508808,1.3066968173808473,2.588905289229766
2018-08-01,1.3065568939798866,0.9967446601018487,1.3441001934002905,0.8782560408886347,1.2918648801206896,2.5604053383392893
2018-08-02,1.2819055932021068,0.9868916037789913,1.3308749396063333,0.8715777449692513,1.279094480874963,2.5241233560553726
2018-08-03,1.2811743525859232,0.9898532882133454,1.3349242509607786,0.8561508650993628,1.2829330793052416,2.5265533184835087
2018-08-04,1.2230572282811967,0.9498721589300516,1.28113726791763,0.8086135098898026,1.2311141619306942,2.425564877143929
2018-08-05,1.238336057551531,0.9540745811002282,1.2868986384264443,0.8126997720721939,1.2387807609241153,2.436296047995663
2018-08-06,1.2149932110310233,0.9393044031569161,1.2661229688767388,0.7991724897335445,1.2182249609157585,2.3985793178072377
2018-08-07,1.1443315718010694,0.8834593477574588,1.1916350816920787,0.775999721713288,1.1476704503349304,2.255975046993519
2018-08-08,1.0363354115175178,0.8029427512381858,1.0837203335401462,0.7228167174797876,1.0391596850363272,2.05037016596334
2018-08-09,1.0791604458052528,0.8349398376458362,1.1273969083694946,0.7522892605020923,1.08110010690816,2.132076981144366
2018-08-10,0.9987917136350348,0.7748425195592715,1.0471994122630242,0.7070283217743538,1.004533142867767,1.978614282942696
2018-08-11,0.9682783295989902,0.7528566194170788,1.0182337352074249,0.7196074245920657,0.9785190614594045,1.922471675021534
2018-08-12,0.9706750270657309,0.7534364096669689,1.0190077282649836,0.7226823924086277,0.97929030955171,1.9239522091880714
2018-08-13,0.9080879661618312,0.6944517563991273,0.9390836339325935,0.7198054483997681,0.9015273584256452,1.7733308141972588
2018-08-14,0.8776800728017629,0.6661885836084721,0.9007649374207602,0.7085323547747516,0.870424714038089,1.7011588483021076
2018-08-15,0.8887598482261058,0.6733569923165684,0.9104574777021258,0.7208598210833864,0.8796715049955317,1.7194638792024663
2018-08-16,0.9049994494243593,0.6877319124539839,0.929938899790056,0.7238485676188544,0.887288224605156,1.7561712302496857
2018-08-17,1.005746259416286,0.7540446739238474,1.019683573380108,0.7514150940001894,0.9905905569333773,1.925505446771255
2018-08-18,0.9341202415212304,0.7024320238768845,0.9497995472331271,0.7332857861358772,0.9229413794488699,1.793708979399318
2018-08-19,0.9524097015655101,0.7118854847850394,0.9627604575657774,0.7426219666226639,0.9371252937401674,1.8178485288027075
2018-08-20,0.9005959592029342,0.6746999117784488,0.9122058922580304,0.7197247714998749,0.883417806574096,1.7228858571976948
2018-08-21,0.9181538683225811,0.690830902953327,0.9340844463215228,0.7399985268330866,0.9070227905718166,1.764083159075138
2018-08-22,0.8891520798392517,0.6745586276859658,0.9120541377811754,0.7271083970915782,0.8851708475036834,1.7225299072410694
2018-08-23,0.9174875083035626,0.6943346015847397,0.9386296596848414,0.7449237758662646,0.9093064211069001,1.7730290754345093
2018-08-24,0.9340020152019277,0.7103177993399229,0.9602291793724282,0.7657281784193928,0.9291519424885898,1.8138393195726692
2018-08-25,0.9298192362233694,0.7088955808897467,0.9584175422197406,0.77063838528757,0.928630283652591,1.810208221327361
2018-08-26,0.9211228968143784,0.7023042316078483,0.9490650370984002,0.7642388679766846,0.9177507834957865,1.7933768031315604
2018-08-27,0.9666612345257697,0.7325028579126476,0.989606103801456,0.7841873184142971,0.9556513512420864,1.8704908296017413
2018-08-28,1.0006166721559875,0.7580430226495964,1.024016821778205,0.8079307928205262,0.9886143398646188,1.9357092047971363
2018-08-29,0.9773416969804787,0.7433999358342386,1.0043892570694903,0.8023189444378179,0.9704409836317007,1.8983171867055795
2018-08-30,0.9545254153269861,0.7294330996660519,0.9854801559007864,0.7944326139171403,0.9520997996374536,1.8626520208389177
2018-08-31,0.9607536166028271,0.737011933567321,0.9955268982601723,0.8011607209388478,0.961123128591177,1.882005030232414
2018-09-01,0.9929068886041528,0.7627803354674076,1.0323668442250133,0.8186890873152719,1.0050890166101125,1.9478062206745386
2018-09-02,0.9876282585885165,0.7637483072527491,1.0314969267491412,0.827684274117675,1.0063644808632564,1.9491732832746487
2018-09-03,0.9826717877131395,0.7593269970591762,1.0269607446742994,0.8262422080175128,1.000538668961651,1.9394644846024636
2018-09-04,0.9915906947984044,0.7669915590660975,1.0414926921556578,0.8377248022510752,1.0106379841724729,1.9667104101152997
2018-09-05,0.8639612640802004,0.6748237045547593,0.9164367493041593,0.7703568029287937,0.8891915849261701,1.7303947119616987
2018-09-06,0.8576738357923046,0.663796821233468,0.8999778409692644,0.7398600425681412,0.874661839090597,1.6982463358194424
2018-09-07,0.8381229537039335,0.6507583355955252,0.8830181200166706,0.7327894234541487,0.8574814681685186,1.6663177634197832
2018-09-08,0.7858421723868888,0.6136197784560221,0.8336026001464152,0.7049490950518357,0.8085452790851378,1.5740579734327427
2018-09-09,0.7858969228992021,0.6144941167509705,0.838461240813649,0.7133769403833109,0.8170851922412368,1.5763008266639758
2018-09-10,0.7790741351256673,0.612713096710477,0.8363658465980477,0.716634763232832,0.814739132210584,1.5717321539927578
2018-09-11,0.7810516765700334,0.6217404905663879,0.845534859944302,0.715671765151112,0.8155839345480576,1.5948892384866817
2018-09-12,0.7805920455295728,0.6174711384364514,0.8398518169134888,0.7191278243340219,0.8101018982494105,1.5839374920292186
2018-09-13,0.8102786253880576,0.6428374761429381,0.8724708602506593,0.7376263208283428,0.843735638641026,1.6490072321056433
2018-09-14,0.8084119362117479,0.63759537728946,0.8702972478751916,0.7371054999477127,0.8459268521427741,1.6355602017655888
2018-09-15,0.8179531910378058,0.6433001606385693,0.8760989295762388,0.7405483178043927,0.850885521976869,1.6501941140314766
2018-09-16,0.8162733942991511,0.6429534048324742,0.876062711666899,0.7375975450642467,0.8504244440808493,1.6493046244472733
2018-09-17,0.7811690292796004,0.6138043404942825,0.832836352927136,0.7103944180898917,0.8118689337593562,1.574531421437766
2018-09-18,0.8306756430255016,0.6316461196042802,0.8560816281499395,0.7205121563270669,0.8354650218411105,1.6202991790733625
2018-09-19,0.8340201370350407,0.6320641648596114,0.857299896233636,0.7235861102714881,0.8360191533908333,1.621371544856867
2018-09-20,0.938836660634151,0.6693806346951112,0.9030125954760372,0.7371561745251044,0.8853719936395755,1.7170958034010801
2018-09-21,1.0230522466867529,0.7002484316254748,0.9465397916696626,0.7611039207738399,0.926197058178022,1.7962779142976701
2018-09-22,1.012211542114949,0.6870048377702395,0.9317960328768732,0.7596367682659876,0.9086821217506109,1.7623054282673154
2018-09-23,1.0537723644288135,0.7125694130528817,0.9603146564478648,0.7583530335870556,0.9339272202792159,1.8278837628039237
2018-09-24,0.9833492192503884,0.6803740639015546,0.915738108788022,0.7452192367683237,0.8909819935033556,1.7452961989152695
2018-09-25,0.9804962098317094,0.6680037966428712,0.9025120594964354,0.7281974988156702,0.8776953042657368,1.7135639813926842
2018-09-26,0.9687330516893061,0.6640437442838407,0.8975034664978845,0.7336589237127511,0.8739298811940441,1.7034056371639437
2018-09-27,1.0080100074795086,0.6885954189382846,0.9357601344710967,0.75390695044536,0.9119149014573426,1.766385625338984
2018-09-28,0.9991619313416573,0.6826576750098858,0.9271651794943307,0.750214614436668,0.903567449375511,1.751154113642976
2018-09-29,1.012555840004654,0.6845269626241692,0.9296626256296717,0.7454378691579765,0.9056986444836028,1.755949211565896
2018-09-30,1.019024189503279,0.6886558121882566,0.9353094525309249,0.7480978424787296,0.9099180690345202,1.7665405423837608
2018-10-01,1.0140046075529745,0.6837264544475702,0.928628914054996,0.7440287857494712,0.9048597017610177,1.7538957500694285
2018-10-02,0.9971841167410835,0.6792922553975761,0.9225792167359353,0.7402344081003447,0.8946183763398347,1.7425211381129004
2018-10-03,0.982211246285857,0.6696837731493278,0.909512708609228,0.7341678956087301,0.8842759072876781,1.717873450611094
2018-10-04,0.9931302268179886,0.6749951935343331,0.9167366466684067,0.7424867779507106,0.893793494239431,1.731498311205571
2018-10-05,1.0050821182016612,0.6833451001248407,0.9280715785876436,0.7476384102365987,0.9025539834218357,1.752917499884369
2018-10-06,0.9851893608595429,0.6711995294073942,0.9115885805420821,0.7437708439573636,0.8869818397157464,1.7217616704125929
2018-10-07,0.9937015365450647,0.6756552371675891,0.9174151587259914,0.7454217720876745,0.8926252695635563,1.7331914554679928
2018-10-08,1.0055840789060064,0.6812947559469796,0.9256322286740236,0.7509644193453616,0.9020176791892448,1.7476579560849659
2018-10-09,0.9903910975664437,0.6744826792610287,0.917098590731422,0.7498810491990031,0.8942783794376978,1.7301836104944568
2018-10-10,0.976481616919538,0.666555369807714,0.9067068379609761,0.7434060437087374,0.8846151965602189,1.70984846817216
2018-10-11,0.8460847916161901,0.5983753951590329,0.8133713566204788,0.7052727466080747,0.7898728571394942,1.5349531310114222
2018-10-12,0.876995270343552,0.6150571159766922,0.8349604782511552,0.7073371926518195,0.8105888170716307,1.5777450984627717
2018-10-13,0.8784682197010516,0.6150657740095705,0.8357171944881178,0.7086222983291636,0.8121987213685933,1.577767307862238
2018-10-14,0.864480442197747,0.6101062036201116,0.8299301082238565,0.7091789612798326,0.8011990511391186,1.5650443328876302
2018-10-15,0.9278459995335985,0.6503649206457938,0.8880604395341942,0.7428198110731282,0.8571678537188514,1.6683166752739604
2018-10-16,0.937584184801942,0.6464654574092683,0.8820971907668359,0.7427713684789512,0.8594087890176376,1.6583149215759536
2018-10-17,0.9446469680035492,0.6416377394237582,0.874718063783591,0.7369289312572876,0.8514208349022004,1.645930995267036
2018-10-18,0.9313892271248075,0.6323733095839416,0.8614946581068377,0.7292636369774362,0.837635274511037,1.6221652610850201
2018-10-19,0.9336543265674732,0.63243400814731,0.8614655945776557,0.7279901920267062,0.8373077391563204,1.622321242269594
2018-10-20,0.938037130350916,0.6346186922907257,0.8638154247721237,0.7306628287234074,0.841814140438747,1.6279254506528837
2018-10-21,0.9350483103383331,0.633503297829588,0.8617144767881393,0.7298922771881952,0.8403345842528019,1.625064241704105
2018-10-22,0.9311004654766192,0.6317781752935352,0.8605543836838618,0.730433673850465,0.83804622823803,1.6206389518620405
2018-10-23,0.9259822109570457,0.6325444186408841,0.8625213219652259,0.7291466937153339,0.8390626400988864,1.6226045201373218
2018-10-24,0.9212482484116702,0.630798147666907,0.859730650516855,0.7314063375461956,0.8367462322414765,1.6181249812599343
2018-10-25,0.9131539400224957,0.6276455091727547,0.85531713716786,0.729201786404514,0.8325642951431148,1.6100378258135186
2018-10-26,0.9167205280277133,0.6278700475091787,0.8553100975263531,0.7290283641561983,0.8328621430738123,1.6106138139569723
2018-10-27,0.9059820860987502,0.6250646709816757,0.8512237539346444,0.7296619887593758,0.8291408445381437,1.6034174558962777
2018-10-28,0.9120841179040233,0.6270861030129649,0.8539636681705832,0.7303384030284095,0.8317368267402309,1.6084341480506563
2018-10-29,0.8706443969278317,0.6039736553232964,0.8225686067067973,0.7128171878225174,0.801965380283692,1.5508334173265825
2018-10-30,0.876367656309596,0.6048726971058536,0.8237694695071617,0.7130017819472126,0.8029570531409613,1.5527572008715573
2018-10-31,0.8755847115773825,0.6050543203542863,0.8239895581802578,0.7111240012427346,0.8027974782355463,1.5524521096856438
2018-11-01,0.8814260718572487,0.6124018319978523,0.8339875117624378,0.717864809862414,0.8120895506196443,1.5704190045556983
2018-11-02,0.9161524654221406,0.6213930213155029,0.8460205723756451,0.7190636851727341,0.8217024210976136,1.5890266653712033
2018-11-03,0.9227910895888816,0.6200425091633852,0.8441212345958375,0.7159978393226087,0.8194919898887797,1.584750028887456
2018-11-04,0.9464499695869019,0.6337138242782963,0.8619030487544328,0.7176696067580969,0.837560927247952,1.6196920668075576
2018-11-05,0.9572596746807923,0.637045092144812,0.8665298786759283,0.7225525369470157,0.8419637657930156,1.6282063676986156
2018-11-06,0.9938300532812595,0.65466641198032,0.8897698297960998,0.7271916384798033,0.8652533214469325,1.6732441489319099
2018-11-07,0.9734314459493844,0.6513451149373585,0.8857529992242072,0.7349309845289967,0.8608636611727347,1.6647553438476794
2018-11-08,0.9547920390766941,0.638451121966918,0.8685452116810507,0.7262796257720631,0.8438220616476418,1.63179997475016
2018-11-09,0.9487064998246425,0.6303224433174872,0.857871037172542,0.7185751524923013,0.8330786352888603,1.6110241349802037
2018-11-10,0.9570516718378692,0.6343976354205079,0.863346751655003,0.7212259808831294,0.838464691250143,1.6214397930520228
2018-11-11,0.9612070062984995,0.6319354495014343,0.8597139162990385,0.7214566073852259,0.8354911885245127,1.6151467579548162
2018-11-12,0.947138852394677,0.6249982298586758,0.8509081960692123,0.7169413297636829,0.8270861867485592,1.5974161056799168
2018-11-13,0.9285792880265348,0.6136744742367695,0.8355816261418882,0.7156145563305043,0.8121369769807877,1.5684740245330624
2018-11-14,0.8213036090774211,0.5443835904924882,0.7394739994641729,0.6420662020830772,0.7187615135946523,1.3913753252257215
2018-11-15,0.8242909714470595,0.542535597756921,0.7369497648720035,0.6318798501488427,0.7165738823966235,1.3866520899425636
2018-11-16,0.8099185226644987,0.5264196838877115,0.7147855899896233,0.623718590097634,0.6953206435989274,1.3454618600931552
2018-11-17,0.8107558534074036,0.5281559103784293,0.716412956284888,0.6213402797996667,0.6969141371005331,1.3498994343504238
2018-11-18,0.8257428918414619,0.5377189507144404,0.7294457112292193,0.6290346769596578,0.709602368128835,1.3743413546669847
2018-11-19,0.7178102874328558,0.4643534139571473,0.6275601784236069,0.5387295324478543,0.6100616042124589,1.1868283539961768
2018-11-20,0.5994892233306048,0.41072189073595067,0.5537186778291773,0.4902031281039536,0.5380355341469548,1.0497529795260803
2018-11-21,0.6284824000318063,0.4300259839842069,0.5797027083806537,0.5064796638774294,0.5632746918748059,1.0990917970634153
2018-11-22,0.5822712580868559,0.4019430674197851,0.5411801677759701,0.47979101561746423,0.5257236133873272,1.027315423689637
2018-11-23,0.5686642832244525,0.3946043742240649,0.5306114606468632,0.4777172259397882,0.5153355969525347,1.008558650005204
2018-11-24,0.5048087476030727,0.35401918140990557,0.4771169539234815,0.42350577396684264,0.46356992790912493,0.9048280513957848
2018-11-25,0.5175202177766358,0.3618478020476153,0.4875973743040228,0.4373767482281366,0.47382110995793714,0.9248378633351491
2018-11-26,0.49040464854889704,0.3423498509259918,0.4613287971390122,0.41144469863300553,0.4482895491448525,0.8750035031358623
2018-11-27,0.4930305274091187,0.34248346534712115,0.4615464104323053,0.41594799602321764,0.44846452499032496,0.8753445014523443
2018-11-28,0.5383354482503397,0.37397921526104944,0.5039613926775349,0.46096373737127755,0.48970659129550226,0.9558439717625465
2018-11-29,0.5245816348837253,0.363264484647909,0.48956504618245955,0.46327785888726264,0.475676201635138,0.9284581435702369
2018-11-30,0.497268145133018,0.34411648909483156,0.4637751963131286,0.43405369010486405,0.4506028879098102,0.8795181046943141
2018-12-01,0.5182508001046011,0.3572789126414284,0.48149443777491646,0.45487504324857897,0.4678384144022632,0.9131598806200123
2018-12-02,0.5084003715089741,0.34959871207991894,0.47115635807267164,0.44673030562308397,0.4577815824115317,0.893530250118481
2018-12-03,0.47619172351503264,0.3268508536122414,0.4405233800671101,0.41939229163212455,0.4279944213980233,0.835389576286687
2018-12-04,0.48718620739301105,0.32798052503638525,0.44207921399117406,0.42609787591126513,0.4294736436287478,0.8382768152536884
2018-12-05,0.46280690940259656,0.308302612908578,0.4155952059956745,0.4036686160046444,0.403706415257246,0.7879825271245608
2018-12-06,0.40886169255485194,0.2736142369504456,0.368838950434201,0.37781500613442204,0.35828377257006405,0.6993234402120786
2018-12-07,0.38589994136319383,0.2608010806194406,0.351573248327892,0.36680103782574425,0.34150560583170453,0.6665746434556569
2018-12-08,0.39443219366511134,0.2688073167494438,0.3623571046446251,0.3727773319588769,0.35198936198942277,0.6870375717598884
2018-12-09,0.41496033554044515,0.2806294313214928,0.3775744062339856,0.3873025351697858,0.3674698105720768,0.7172534018088884
2018-12-10,0.4013108066659727,0.27005122966032463,0.363515808635404,0.3751573076495972,0.3536182003676261,0.6902168554589131
2018-12-11,0.38853403856866536,0.2637457041758534,0.3551153487739547,0.36670113900945206,0.3453614401357595,0.6741007297802895
2018-12-12,0.39932246769230406,0.27183813829939224,0.36551462224728665,0.3733187277889799,0.355958064263521,0.694783967450016
2018-12-13,0.3723830773308889,0.260623794540112,0.35057320249254975,0.3542910599593647,0.3412734583686844,0.6661215202369697
2018-12-14,0.3548290668099309,0.2542465837252286,0.34169313748453245,0.3465963703537607,0.3329228281899673,0.6498221733984215
2018-12-15,0.35379654456850035,0.2556249545145306,0.3431888691684226,0.345984070262286,0.3347277320337287,0.6533451128883142
2018-12-16,0.36156223051462955,0.26077450551475284,0.3487867434501163,0.34769836155667067,0.34057443581056557,0.666506720669899
2018-12-17,0.4000400438402624,0.2970674602885975,0.39411166368875505,0.37768869310739783,0.3855938125308605,0.7592669267923096
2018-12-18,0.4344063317297422,0.31510340738890474,0.4167201260763439,0.3933571367900818,0.40813301945662106,0.8053645235941718
2018-12-19,0.465998134476709,0.3129662002577313,0.4152830279206849,0.39863138720905555,0.40665150190296845,0.7999020996343282
2018-12-20,0.5567302872515775,0.3421879493649783,0.4537723812641036,0.43796705341897363,0.44419030875274973,0.8745892010457126
2018-12-21,0.5359037139599627,0.32624659428454733,0.4281741100044503,0.4120121183164015,0.42199928792550684,0.8338451282787015
2018-12-22,0.5452380444156606,0.33435305458205095,0.43804500377397854,0.42426693040579816,0.43213668928676185,0.8545642181631721
2018-12-23,0.5485119783319219,0.3409543507344713,0.44642866729244335,0.4226571090906432,0.44137318451005936,0.871436297727853
2018-12-24,0.5702108664515383,0.35731021190863615,0.4677269448882796,0.43098945249593734,0.4598420151594995,0.9132398132506067
2018-12-25,0.5351888720478508,0.3328156335666158,0.43564746024109124,0.40224922663132956,0.4274411001710323,0.850634765030902
2018-12-26,0.539981325881704,0.3349833508507824,0.43855331288666555,0.40663275782401476,0.43015034002775193,0.8561751780943296
2018-12-27,0.49336309187570554,0.3056527232908041,0.4001913736306086,0.3847086242556228,0.3920208304640203,0.7812097885439495
2018-12-28,0.5413229920008172,0.33701573492663983,0.44120299265780444,0.4120384349774655,0.43335249354825023,0.8613696939882135
2018-12-29,0.5242131579059426,0.32798995677927745,0.429283208152877,0.40102323886848795,0.42124883264833846,0.8383009416373592
2018-12-30,0.5268899517303919,0.33037713217257786,0.4321299346836834,0.40577565511102326,0.42326088023717345,0.8443997795850386
2018-12-31,0.5028329060238613,0.3165658278669629,0.41381441696795807,0.39262822525046825,0.4052233674151481,0.8090960176781555
2019-01-01,0.5193451145598139,0.3265924914683996,0.4269684084460977,0.4030647644283556,0.4180244251954959,0.834723781160625
2019-01-02,0.5344397910253545,0.33618651087945495,0.43946835260106293,0.4134062239551288,0.4309006649378175,0.8592444974882091
2019-01-03,0.5210932970561318,0.3270819708922858,0.4275812061774324,0.40206966544514855,0.41894277329820856,0.8359798222969274
2019-01-04,0.5320903231541854,0.33318943200897344,0.4356518164078031,0.4042618825934558,0.42912798716675277,0.8515975039572664
2019-01-05,0.5372783074137876,0.33732952048948495,0.4405244862821925,0.4029474302369734,0.43412685915830745,0.8621785488697123
2019-01-06,0.5614131367755817,0.3526151344482635,0.46031968529955425,0.4264985345764792,0.4537988441897877,0.8997741815033109
2019-01-07,0.5650322291602918,0.35296586341076824,0.46065488659075976,0.4210885283772127,0.4542501230245526,0.9044689964683812
2019-01-08,0.5964022259226518,0.3695694771710765,0.48260434146657616,0.42167390660381643,0.4756184474323105,0.9457807310291646
2019-01-09,0.619420064594312,0.3806466992529701,0.4969845276465046,0.4221390137806444,0.4898740975595034,0.9750839656748551
2019-01-10,0.5614152312224466,0.3433504613761601,0.4478874919854457,0.38310834345419115,0.44187554309253163,0.8747918163200586
2019-01-11,0.5541392912568875,0.3412315199622906,0.4454309359230006,0.3839863397042625,0.43914880747617563,0.8649655615062707
2019-01-12,0.5336150691751054,0.3307907226990708,0.4318132127515756,0.38126246159240534,0.42571203568304167,0.8383593032731854
2019-01-13,0.49741489586710996,0.31152590675096,0.40676261069893055,0.36980955388297143,0.40059565009660997,0.7895345408568093
2019-01-14,0.551858194537568,0.3413753072058099,0.44572281279878284,0.38541111691222785,0.4408184109263367,0.8651848923576679
2019-01-15,0.5296130338246797,0.3307608472800818,0.43181262304175283,0.37749147215187245,0.42607946750304126,0.8382835103025232
2019-01-16,0.5373850528336008,0.33727977456845676,0.4402163519223889,0.3800128514708883,0.43442172101738047,0.8548050626076648
2019-01-17,0.5398184069894805,0.3411239262272642,0.44527362296139006,0.3824542385555025,0.4395149482545153,0.8645479177402773
2019-01-18,0.5310512694734997,0.33924866467587167,0.44280889065443796,0.38029344247169716,0.43607053356503245,0.8597955216147117
2019-01-19,0.5378302654491196,0.34252654264633986,0.44702152917293875,0.38757671183886133,0.43963353491792767,0.8681029818101232
2019-01-20,0.5207188430961944,0.3318255475742317,0.43298838948685725,0.3740855692815175,0.42589878477354864,0.840982264962278
2019-01-21,0.5372253664351437,0.33297738104623237,0.4345223224811021,0.3714813935757972,0.4273771683843596,0.8439014832196966
2019-01-22,0.5473690678754013,0.33495102322544323,0.43721646056395874,0.37443486774658197,0.42991034319578475,0.8489035002510824
2019-01-23,0.5476663007679504,0.3330833368854103,0.4348311800379241,0.37240854911709037,0.4275131641331832,0.844170016770386
2019-01-24,0.5524717518484974,0.33385543220650715,0.4359339310005588,0.37404023151814975,0.42850415200014735,0.8461268235608946
2019-01-25,0.5509258277539665,0.33485142576928806,0.4371299688282777,0.3739259920498188,0.4297825088548582,0.8486510836387223
2019-01-26,0.5699454281104233,0.337458050903878,0.440603850856821,0.37420578708300567,0.433128117895759,0.8552573437378285
2019-01-27,0.566262393900781,0.3342924295628157,0.43774209079882825,0.37227970805948357,0.42966630519899873,0.848423788747999
2019-01-28,0.5340268814355168,0.3095372978763448,0.4064868866839277,0.36029767600658813,0.3986386038666787,0.7871627611774016
2019-01-29,0.5317236275434769,0.3048130111899051,0.4013440655727698,0.3579715485745999,0.3931468811643866,0.7763214302320264
2019-01-30,0.550516665349369,0.30812233050086846,0.4123765873124481,0.36190164051617674,0.40175316803956773,0.7933152856745999
2019-01-31,0.5327707718680601,0.30374075787393856,0.404755933285465,0.35894251308318176,0.3948901831481281,0.7797650837212797
2019-02-01,0.538287583725906,0.30992654886679855,0.41140118756723315,0.36205898928936,0.4020187144198211,0.7938404576945505
2019-02-02,0.54326463338057,0.3145464749573114,0.41702004849070534,0.36548025778888943,0.407828362021871,0.8053128178753174
2019-02-03,0.5305096078758313,0.3076962415965571,0.4079377919256709,0.3595103430921268,0.3989670003960506,0.7877746118689902
2019-02-04,0.5392266903429375,0.30894466592618836,0.4095980362634217,0.3590056620006218,0.4008876641522459,0.7909708713017484
2019-02-05,0.5329673046082645,0.3115224507531349,0.4128850328523679,0.35975248084541633,0.40374184250009926,0.7975706204450083
2019-02-06,0.5219386791502613,0.30563538308264027,0.40504231895492365,0.3542526950924154,0.3966255084077216,0.7824983551381053
2019-02-07,0.5213513147675989,0.30411841281840285,0.4030689271430184,0.35276604414791196,0.3947116776120298,0.7786145488500398
2019-02-08,0.5705252536848227,0.33237222107444975,0.4402788626331339,0.37946829454983255,0.43320752675960394,0.850950910389663
2019-02-09,0.5655753373719955,0.33425007994913175,0.4426788570373422,0.37992578190765214,0.43652257352121965,0.8557586717709955
2019-02-10,0.562065114560602,0.337116103772415,0.4464762726590111,0.38188540107017266,0.4402655320422631,0.8630977879228872
2019-02-11,0.5454292597494363,0.3338470059472954,0.44221353689390325,0.3775394122480159,0.435996167091018,0.8547323730122004
2019-02-12,0.5466795118821368,0.33518449029148684,0.44387353248233846,0.3780665744984885,0.4377428942142202,0.8581477940993337
2019-02-13,0.5433261884902695,0.3307114110259563,0.43794501964666654,0.37583955683468995,0.43190116016939406,0.8466933873408357
2019-02-14,0.5372877909120748,0.3271542300054226,0.43328337651144067,0.37426446076444025,0.4272555653086428,0.8375888340393788
2019-02-15,0.5395659331816598,0.3317343645415683,0.43937699774972133,0.37467089805464676,0.4332371098507882,0.8493219063755395
2019-02-16,0.5397427506836417,0.3309988372191451,0.43837502369779,0.3755986421507619,0.43227652977462394,0.8474358016820768
2019-02-17,0.5444085350239258,0.33679652694929335,0.4424992341272996,0.38012921202492955,0.4394580800452214,0.8622792662597141
2019-02-18,0.5927530560084071,0.36323751754003014,0.46856113885810824,0.4043667758582681,0.4729516756313695,0.9299744807255498
2019-02-19,0.5990791889316157,0.37385560892893965,0.4777613097753399,0.40759441330787316,0.4855856150583616,0.9571593224025331
2019-02-20,0.6208284384300499,0.3865925337544218,0.4877896896325915,0.4130030954279277,0.5008413216329014,0.9897688699358993
2019-02-21,0.6062951141142466,0.37469316957104243,0.4763898789133079,0.4082569091690082,0.48667601454507725,0.9593036629242487
2019-02-22,0.6140530713749888,0.38135790610328774,0.4833349488252406,0.41353054793414223,0.49507448863060377,0.9763669730962228
2019-02-23,0.6402188763020239,0.3943330889605282,0.49518506214699026,0.4274379494873143,0.5116670889852399,1.0095865164679259
2019-02-24,0.5871164000901494,0.3555202392911597,0.45315043773653735,0.39171928180385085,0.4613054680672027,0.9116847646273131
2019-02-25,0.6128205989792292,0.36347181618894747,0.4604329698901085,0.39907907882608246,0.4716230419509844,0.9305475392386184
2019-02-26,0.6053109375845552,0.3560866598357027,0.45251867264178813,0.3961556652294627,0.46204042658626837,0.9128439849161901
2019-02-27,0.5987372084634859,0.3571639462082784,0.4550413918706924,0.3958152569229052,0.4634382617702898,0.9158322160729757
2019-02-28,0.5979883902190427,0.3615663985764475,0.461208046702458,0.39619927050852694,0.46915067013223477,0.9262794018543307
2019-03-01,0.5984636024027095,0.37107028385513163,0.47393081739009024,0.3966921426945111,0.48148244979552496,0.9483121724913346
2019-03-02,0.5905873965350193,0.3708980800449974,0.4767670341432069,0.3971883982193581,0.48125901115022046,0.9488381546425182
