Date,NW (Gamma=1.0),NW (Gamma=0.0),RL-Net (Excess NW),RL-Net (Risk-Adj),BTC (Buy & Hold)
2017-10-15,0.9995882844639884,0.9996395753314883,0.9996395753314883,0.9995882844639884,0.9733085171328315
2017-10-16,0.9990084801266597,0.9991191143270295,0.9991191143270295,0.9990084801266597,0.9813996930793127
2017-10-17,0.9860674074658003,0.9875597876368822,0.9875597876368822,0.9860674074658003,0.9605983643911018
2017-10-18,0.9882956918708209,0.9895547007229489,0.9895547007229489,0.9882956918708209,0.9580553752355699
2017-10-19,0.9888432163278535,0.9900388017032996,0.9900388017032996,0.9888432163278535,0.9780376275216304
2017-10-20,0.9964270199782097,0.9968094428709495,0.9968094428709495,0.9964270199782097,1.0286082537154309
2017-10-21,0.9923918462389736,0.9932013437517883,0.9932013437517883,0.9923918462389736,1.0320503011534097
2017-10-22,0.9889178873238601,0.9901012932001859,0.9901012932001859,0.9889178872465975,1.0280763647454787
2017-10-23,0.9831391833280095,0.9849442050225568,0.9849442050225568,0.9831391831349813,1.014625362113473
2017-10-24,0.976790055035031,0.9792878906393166,0.9792878906393166,0.9767900548185459,0.9430962179666205
2017-10-25,0.9827881126930267,0.984641801052209,0.984641801052209,0.9827881125483491,0.9805926682009438
2017-10-26,0.9843812149117798,0.9860590387301992,0.9860590387301992,0.9843812147570167,1.0065114305140563
2017-10-27,0.9808787125019955,0.9829348994327413,0.9829348994327413,0.9808787123017146,0.9851620042495959
2017-10-28,0.9788699155729197,0.9811406349659197,0.9811406349659197,0.9788699153330837,0.9804112689432014
2017-10-29,0.9923663991860495,0.9931873876001416,0.9931873876001416,0.9923663989429067,1.0464329907413181
2017-10-30,0.9903352519834282,0.991376228262449,0.991376228262449,0.990335251740783,1.0424599495455809
2017-10-31,0.9955662701956959,0.9960354621406562,0.9960354621406562,0.995566269951769,1.0983854202088763
2017-11-01,0.9953155537911146,0.9958054220319652,0.9958054220319652,0.9953155535472491,1.1480048802804712
2017-11-02,1.0044813121389375,1.0039717218511073,1.0039717218511073,1.0044813118928264,1.1996172802572704
2017-11-03,1.0100115274547008,1.0088952574467211,1.0088952574467211,1.0100115272072347,1.2213257585495416
2017-11-04,1.0103972150159484,1.0092351755124527,1.0092351755124527,1.010397214768388,1.2501596708736447
2017-11-05,1.010198303742942,1.00905757681519,1.00905757681519,1.0101983034954303,1.254802740951367
2017-11-06,1.0044537496888812,1.0039506429793188,1.0039506429793188,1.004453749442777,1.1878908843920803
2017-11-07,1.0197811677139548,1.01760269040263,1.01760269040263,1.019781167464095,1.208286670883589
2017-11-08,1.0279015104044413,1.0248188255351158,1.0248188255351158,1.0279015101525921,1.2604699541941076
2017-11-09,1.0257743174950014,1.022934639097499,1.022934639097499,1.0257743172436735,1.2058918719573741
2017-11-10,0.9156366759399284,0.9743760779644992,0.9743760779644992,0.9156366757155858,1.1137621214448128
2017-11-11,0.9297291105913105,1.0186276012340802,1.0186276012340802,0.929729110363515,1.0690296240699968
2017-11-12,0.9044061170198723,0.9578719198069037,0.9908739446635123,0.9043754117422123,0.9982085406051227
2017-11-13,0.9356199353479275,1.0155034647299224,1.0250935618800752,0.9356306778574396,1.0955437926227134
2017-11-14,0.9661643721791071,1.0812045337347294,1.0586279608776081,0.9655353514390927,1.1082069713989429
2017-11-15,0.9382554183628978,1.074423260764584,1.0280414936501454,0.9374050378119634,1.2162894660728503
2017-11-16,0.8392795237233117,1.045641167145522,0.919584349009507,0.8379544795352812,1.3054093225569348
2017-11-17,0.9197037647695834,1.0710597811328535,1.0076973740776025,0.918326689851817,1.2781451168396925
2017-11-18,0.9687129985616854,1.1195186604410445,1.0614049114473376,0.9671236344234955,1.291530992510434
2017-11-19,0.9408387212208807,1.1215960360168968,1.030967927242787,0.9394307196044451,1.33173938385371
2017-11-20,0.9800158023986872,1.1523768782351547,1.0738035268674369,0.9784327123956585,1.3586667643519112
2017-11-21,0.9466093041297616,1.1221245059788838,1.037229503343429,0.9451255134545388,1.3370604543816014
2017-11-22,1.0032535775082354,1.16808073142363,1.0993673828830062,1.001782857604208,1.366922111568769
2017-11-23,1.1044287774477963,1.223162257390244,1.2104299256842335,1.1030465566677112,1.330880068477528
2017-11-24,1.1262344138341802,1.29731664466868,1.234664577341014,1.1252416704518935,1.365994455772298
2017-11-25,1.1414230312959417,1.342065567691147,1.2511668710255202,1.140207774134009,1.45213261353733
2017-11-26,1.2117799765044772,1.3613948287927475,1.306748281237495,1.2102121700941895,1.5386428042232039
2017-11-27,1.2152119258004466,1.3911609295923526,1.3221382707468619,1.2134984494271683,1.6170506601475159
2017-11-28,1.2279296551681347,1.4516240498769468,1.3613822381983287,1.2264170202387694,1.6561748933419593
2017-11-29,1.0962377536167247,1.2745296709539624,1.2100998444953828,1.0946652224770133,1.6279135464563852
2017-11-30,1.1454735108184995,1.3307798870431626,1.267652291515287,1.1437914147280739,1.683739196215805
2017-12-01,1.2041452019616283,1.3970430081246836,1.3298004324632995,1.2023106075645043,1.801597918537919
2017-12-02,1.2180978111936025,1.3964529487815702,1.3414500350844465,1.2159772240457538,1.8177754950416707
2017-12-03,1.2717728581376275,1.4240636433863518,1.4005613527758694,1.269166223787123,1.8581293347741206
2017-12-04,1.3016014830908513,1.4513164624696564,1.4334115997070602,1.2985623784723412,1.9121457045978876
2017-12-05,1.2727341480095693,1.4367341879759863,1.4016123620856125,1.2701270643339522,1.9542449623313167
2017-12-06,1.2917223723084053,1.4564922235453577,1.4225917090784974,1.282736571279081,2.309378488268477
2017-12-07,1.3235138608260986,1.5302423147737496,1.4576298948755195,1.310094968865929,2.829263358725833
2017-12-08,1.427033257198291,1.6170919636891685,1.5717066373594726,1.4118484198324837,2.61076991698883
2017-12-09,1.4209968766185048,1.6406503555328136,1.5651392533336215,1.4056478427534256,2.3818120694141767
2017-12-10,1.3607087484148257,1.570278213080699,1.4980059960118806,1.3471426664709094,2.4249187744542495
2017-12-11,1.5605229101369404,1.8266084415024666,1.742538599174967,1.5442099301862424,2.64687239831098
2017-12-12,1.8428373259658497,2.1782815407454117,2.078025907674572,1.8359001085276754,2.7206303541660954
2017-12-13,1.9012974058108543,2.2484691409203394,2.1449831162965087,1.9554350923481438,2.558552249403964
2017-12-14,2.071587033573963,2.335029767647716,2.2275597812314203,2.1392132548967777,2.5827318561997585
2017-12-15,2.080956153502182,2.359987181068918,2.2513685271201886,2.1456791656244167,2.755058829452928
2017-12-16,2.199097661869349,2.4398800325827867,2.3275843018850084,2.3241467192189305,3.0204446297285426
2017-12-17,2.2319940412774897,2.5797454762792875,2.4610124240781888,2.358912279740522,2.964690483548409
2017-12-18,2.372961821392381,2.6799941203012176,2.5566471138968105,2.507896162284604,2.960567340853182
2017-12-19,2.4671955627150344,2.7491366437177214,2.6226073455261543,2.6074913697802984,2.7457991815347387
2017-12-20,2.388450557642205,2.5783859465338876,2.4597154668298495,2.5242678323368786,2.561816730253904
2017-12-21,2.2553846863416367,2.4791249620909217,2.365022979455981,2.3836342428012434,2.431958213574427
2017-12-22,1.8378298642364514,2.032236518598886,1.9387026227682822,1.9423343565676272,2.107964916066266
2017-12-23,2.0025606423492492,2.226585455301504,2.1241066295702877,2.11643183039274,2.2361772633059944
2017-12-24,1.8957566944594293,2.1099121375509617,2.010820174814692,2.0055305744553893,2.115312188455164
2017-12-25,2.027478730000648,2.2572260162250783,2.1505371171403826,2.1455565416340425,2.130568408614153
2017-12-26,2.317442149505418,2.584428801564891,2.458100008263689,2.4565719523551954,2.4242701152351063
2017-12-27,2.39921031906948,2.676782724465678,2.5448311545847386,2.544356942427537,2.384601413664729
2017-12-28,2.3032147914251206,2.5707885649434545,2.443009190713075,2.4436065254541255,2.1915034262054065
2017-12-29,2.4315327993160656,2.717385315533298,2.5791155874525793,2.5829508423056327,2.1989475959035203
2017-12-30,2.239945889634106,2.5045078720438085,2.3759002692041324,2.3806048706740253,1.927162522857548
2017-12-31,2.459233213420413,2.7401170629524936,2.608497313235952,2.604558004826111,2.098489532242664
2018-01-01,2.602083716758793,2.907070762554717,2.7600181881048003,2.763252171806613,2.0231538066101185
2018-01-02,2.871863930792418,3.2271177518223824,3.0461727408129353,3.0674657979643962,2.21047611984795
2018-01-03,3.3539198400526526,3.7794771370326443,3.5574872907213497,3.5924988623328433,2.242539266188799
2018-01-04,3.3085445411711554,3.767808135141649,3.509357754280984,3.581407149247135,2.3005278068969353
2018-01-05,3.832293099902122,4.291817752454254,4.064895460963586,4.079492965298663,2.5557587821205803
2018-01-06,4.377450628111119,4.850889081100319,4.643141605012937,4.61090591986962,2.5700157659401457
2018-01-07,4.209449708998148,4.952357840885949,4.740264794657763,4.433945254034625,2.4113412192675345
2018-01-08,3.6434761570973304,4.490941676061219,4.298609552432095,3.837787577986247,2.2119823793674014
2018-01-09,3.3627073026157097,4.45788192104877,4.266965636979998,3.542044922293469,2.126555791953738
2018-01-10,3.3680069650441595,4.350419687643049,4.164105654293992,3.547627157195357,2.180915161214287
2018-01-11,3.3136628635729295,4.250438769189504,4.068406586676111,3.490384871780287,1.9397470166571422
2018-01-12,3.544551492916921,4.605594893961047,4.40835255361788,3.7335870796813575,2.0211837877727477
2018-01-13,3.558326677398797,4.754405352079128,4.550789953813468,3.748096897374337,2.0753310554721964
2018-01-14,3.392365894709833,4.522265504683086,4.338540557506765,3.5650913315149677,1.9885345693621053
2018-01-15,3.212223279694788,4.275657861037004,4.108153828414532,3.370680195826995,1.995424417780247
2018-01-16,2.393158421855469,3.1802525161226782,3.0606411940408726,2.507126276755873,1.6271055360263502
2018-01-17,2.4178781444052286,3.2151179498899753,3.09225557682632,2.5346121586804484,1.5837834620272715
2018-01-18,2.5478089265243034,3.3889619258097965,3.2584257490720745,2.671660647086545,1.6238004554681411
2018-01-19,2.5575846342173483,3.399898069056695,3.2709280237938887,2.680282066914582,1.64244295784581
2018-01-20,2.767521168755326,3.6761982770641777,3.5394185630882578,2.8981010948869983,1.8157575622071125
2018-01-21,2.463319064181341,3.272516934621027,3.1503705540870426,2.5798621827426182,1.6230119482037708
2018-01-22,2.351022088053173,3.1231791300745146,3.0067525265628983,2.4621329357744974,1.5266468025725077
2018-01-23,2.3305266911632634,3.096318102438609,2.980540692253391,2.4409572625016245,1.5178229589712517
2018-01-24,2.47716442611325,3.29316767814245,3.1680775733448474,2.596142028904088,1.584889631854407
2018-01-25,2.4702258849802776,3.28555804027199,3.1592037753663336,2.5901430326090114,1.5708756266606054
2018-01-26,2.4654419986525724,3.281855240171667,3.1530855669598155,2.58722396018252,1.5585499174077264
2018-01-27,2.528229635117879,3.365397127746511,3.233385477466368,2.6530835296622524,1.5956749100451244
2018-01-28,2.6977893842234413,3.59665139709852,3.450237623551944,2.8327803451037186,1.6431632062064396
2018-01-29,2.559930296805141,3.4095492167378625,3.2739278605504913,2.6875872530030667,1.573404851717306
2018-01-30,2.2627564150620114,3.0206537273143392,2.8938683590282346,2.3731169153211984,1.3982453158222534
2018-01-31,2.333431108547391,3.1195539523639453,2.9842551303952782,2.4507592834140044,1.4140387769026355
2018-02-01,2.0845930321522106,2.7922882827960507,2.666012908278673,2.188906069328942,1.2606749643438087
2018-02-02,1.923952915781873,2.55379932047821,2.4605681961738455,2.0156751572320584,1.2130766332711636
2018-02-03,2.0073996246877828,2.702858596234176,2.5672892693148195,2.1046351234669802,1.2594557711771837
2018-02-04,1.7785699482453439,2.3936736371960703,2.2746360530281073,1.8638820462079886,1.1297433659993534
2018-02-05,1.46855587673503,1.9762598054111506,1.8781550587136213,1.538854383784406,0.933188225401341
2018-02-06,1.6462869998828509,2.215386748137635,2.105457685640274,1.7250553797708907,1.0346343622736613
2018-02-07,1.5932905933924617,2.1438999922865714,2.0376798988672737,1.6693907817647353,1.0167746011118701
2018-02-08,1.719180780970897,2.313279829276316,2.1986824842983075,1.8012817932414018,1.099290091794465
2018-02-09,1.8428155574151004,2.4794280108508233,2.3568005968103933,1.9306564113324405,1.1602606234994135
2018-02-10,1.793432948921205,2.413374394500334,2.2936445386262743,1.8792224365041073,1.1448765857343004
2018-02-11,1.6992103079705931,2.28564017265281,2.1722473360190477,1.7804926186906669,1.0776170745327207
2018-02-12,1.8199763102188218,2.4706225188062976,2.3480525276893047,1.9070355038537332,1.1783473280154644
2018-02-13,1.7863087108681546,2.4039424580478057,2.2846805297338664,1.8717574134452686,1.1341986185140698
2018-02-14,2.1005523547530043,2.771645955745527,2.6341418985335348,2.201033005109015,1.2466665938962336
2018-02-15,2.1691821812161356,2.9049144600080843,2.760798822411271,2.272945754328867,1.3318910164101787
2018-02-16,2.2099856389561983,2.937195627244377,2.791478489478566,2.315701057900054,1.3407049032894247
2018-02-17,2.251109576262957,3.0591625616623324,2.9073945254066142,2.358792173333416,1.451155979281837
2018-02-18,2.1114944202879906,2.8915536601892984,2.7481008648934195,2.2124984690941956,1.3759974577074843
2018-02-19,2.155488730881776,2.9948479607338343,2.84627063451354,2.2585972626301065,1.4611355101714216
2018-02-20,2.028471558671607,2.8990804396459366,2.75525423348534,2.1255041915263364,1.4841743140400785
2018-02-21,1.9231590106406267,2.743461316870768,2.607355527063133,2.015153984829388,1.3883089686636054
2018-02-22,1.8008881653269102,2.5782752663746678,2.4503645175285067,1.8870342715479151,1.2963179351733298
2018-02-23,1.908292241345632,2.696542010093049,2.562763932823928,1.9995760664067541,1.3341259288513927
2018-02-24,1.8331409772228404,2.5823731747495953,2.4542591246749828,1.9208299227883654,1.269373532821104
2018-02-25,1.8284100713699947,2.575779076058475,2.4479252372648586,1.9159250770427647,1.2500384637065853
2018-02-26,1.9077785404418908,2.6875619301626066,2.5541859154007516,1.9990717938369875,1.3376855854428864
2018-02-27,1.9387637382524534,2.7311910430149684,2.5956697493186525,2.031524154437292,1.3832131874277103
2018-02-28,1.862873816260902,2.624308238098983,2.4940662449349764,1.95202220951251,1.3402928144444524
2018-03-01,1.9223273477799705,2.7080899873341497,2.573664245237026,2.014341045724114,1.4097560040023291
2018-03-02,1.8965475841436803,2.6718888861874737,2.539149559293441,1.9874138149890885,1.427079636757224
2018-03-03,1.9569062630477416,2.756764819646095,2.619959451243756,2.050546531168935,1.4780718062067908
2018-03-04,2.0152589997144856,2.8161010421054566,2.6980836941279494,2.111685194246937,1.48101472841661
2018-03-05,1.9838889680724854,2.7806272164609815,2.6560846440869974,2.0788197867156932,1.4888028668666906
2018-03-06,1.8617528153285328,2.6240597808047,2.492565386562918,1.9508121060668286,1.3830719896776003
2018-03-07,1.7438176128055254,2.4484765838468348,2.334670461932606,1.8272036290497302,1.274435638193849
2018-03-08,1.6480456987646133,2.3052546424218856,2.206448421684776,1.7268542703023186,1.1992980846876942
2018-03-09,1.6539147497501816,2.329928597099661,2.21430606031661,1.732999108169526,1.1919406451485393
2018-03-10,1.5588269552106195,2.196484192315731,2.0869999384140243,1.6333674655943584,1.130174104560753
2018-03-11,1.6846055364873522,2.3531303545487723,2.2553957532079574,1.7652896026259397,1.2175487991662506
2018-03-12,1.5950595122942905,2.249623930789407,2.135509079736172,1.6713715663607178,1.169121161510133
2018-03-13,1.5959715947180901,2.2398619863944607,2.136730214182201,1.6723757227729885,1.1678159996594855
2018-03-14,1.404547054733717,1.9801932822915045,1.880445854974581,1.4717813336985597,1.0439901102034441
2018-03-15,1.3930512774458006,1.9716091476292668,1.8650549900699527,1.4597188182849465,1.0479026552765567
2018-03-16,1.3941070214981313,1.9646688868275988,1.8664684653517982,1.4608701229232746,1.0526246534210544
2018-03-17,1.3111287894675032,1.8343289094830684,1.7553749618581975,1.373968332176565,0.9980269766264181
2018-03-18,1.3412255218405316,1.855412740905306,1.7956692968232348,1.3897607653358217,1.0359725465569434
2018-03-19,1.4861216908138777,2.0153242576496555,1.9896601638048994,1.5095393714632124,1.0860122030650798
2018-03-20,1.5037704096961604,2.034769929370184,2.0132888459909313,1.524104773013492,1.1210292752310478
2018-03-21,1.523676744733798,2.057832884304889,2.039939909107521,1.5413796300813172,1.1230159746516153
2018-03-22,1.4793887889664976,1.9922070737906021,1.9806459774680858,1.4922238952761233,1.0974721568122603
2018-03-23,1.4838116251090847,1.9987681580302334,1.9865673909330066,1.4971383475989277,1.116314339168927
2018-03-24,1.4382882554749774,1.9396968672635868,1.9256194709513539,1.4528921481117056,1.089403533171899
2018-03-25,1.4256816453619992,1.9210883635290605,1.9087413979904206,1.4401575335888686,1.067525761772307
2018-03-26,1.34579635192432,1.8092330302144706,1.8017887886673347,1.3594611061972235,1.030920607600922
2018-03-27,1.263343729980973,1.6927920632928992,1.691398985376538,1.2761713034298219,0.982540331511987
2018-03-28,1.2554992287428612,1.684278004960638,1.6808965552494748,1.2682471482347886,0.99765632104941
2018-03-29,1.0925512861908253,1.458566566875473,1.4627374048505584,1.1036446600251224,0.8934715616895342
2018-03-30,1.09033615747691,1.4641610093831796,1.4597717293701107,1.1014070382493713,0.8584839084950961
2018-03-31,1.094163965866414,1.4782236870798358,1.4648965080856002,1.1052737140291935,0.8687642235004714
2018-04-01,1.0683790352222944,1.4445356463890082,1.4303749653277242,1.0800850323850286,0.8525048116745955
2018-04-02,1.1157303833520291,1.510710669513491,1.4937702632004357,1.129564359650615,0.8818348139993788
2018-04-03,1.2063226973330872,1.6250803521215855,1.6150576887988124,1.2150790249705206,0.9270053498265312
2018-04-04,1.0841237604670324,1.4671524392145605,1.4514543982430532,1.0969956980875308,0.8489285506055582
2018-04-05,1.0822974242107315,1.46885392036681,1.4490092334098983,1.0982679022937918,0.8436642861633279
2018-04-06,1.0442518388851445,1.421470016850602,1.3980727774213246,1.0628387696920683,0.8216864763755997
2018-04-07,1.0771947898552545,1.4672285630391442,1.442177708574835,1.0970526161731082,0.8550221148296149
2018-04-08,1.0910941716753992,1.4868560553444665,1.4607865783450293,1.1112240952641335,0.8688197559111832
2018-04-09,1.0729154078893521,1.4512590738708306,1.436448358597953,1.0927202534351945,0.8369726353746572
2018-04-10,1.0897693478609507,1.471191703788313,1.4590128721948006,1.109902615744792,0.8448505691612382
2018-04-11,1.1637500326067618,1.5341662950384318,1.5580601648597334,1.1855509616159774,0.8612008064477256
2018-04-12,1.2804786837581863,1.704732748358708,1.7143396872303938,1.3044118696765978,0.9680990236695122
2018-04-13,1.2915410321634235,1.716441328250635,1.7291502730930095,1.3156662584433307,0.96892206080868
2018-04-14,1.288518956427169,1.7219053978750452,1.7251042361632427,1.3125851249461018,0.9799375989195693
2018-04-15,1.3258955110613138,1.768352725019926,1.771637849981386,1.3506596658145997,1.0211308044101548
2018-04-16,1.2666005820545327,1.691367706946302,1.6945098143971975,1.2902572272095492,0.9874251869478827
2018-04-17,1.247663300376525,1.655297422065857,1.658372520604135,1.2709661862835437,0.968050661484981
2018-04-18,1.3352368835215795,1.7410409493612264,1.7442753363705297,1.3601752912295952,0.9995470876959353
2018-04-19,1.398091219667862,1.7902212956761205,1.7935470465751084,1.424203501198443,1.0154463799375866
2018-04-20,1.49727018387817,1.8972803174278547,1.900804955268192,1.5252347068099874,1.0808172482087255
2018-04-21,1.5218229800749776,1.938204898442864,1.9418055631757594,1.5502461784567816,1.0868788632173856
2018-04-22,1.49366900935075,1.9062354370335695,1.9097767110837158,1.5215663905137975,1.0754413005393788
2018-04-23,1.5457084613266723,1.9777716712459188,1.981445840427978,1.5745777262853018,1.0910176672402545
2018-04-24,1.736785075975471,2.228724608190066,2.2328649806050223,1.7692230829403837,1.180866462507492
2018-04-25,1.5465090017980314,1.9878195763275668,1.9915124118216838,1.5753931743325453,1.0723069209516018
2018-04-26,1.6649178115427044,2.1382420745846837,2.1422143547262387,1.6960135152307236,1.12387224149266
2018-04-27,1.6463927128710463,2.114038009160259,2.117965324641557,1.6771424597812636,1.0876390574980856
2018-04-28,1.7508951009770521,2.2504430881442694,2.254623807668494,1.7835966339969616,1.1305237767841825
2018-04-29,1.8165625271053942,2.3231832319712655,2.3391836125648324,1.8504896574665106,1.1390294015104971
2018-04-30,1.6774486019318555,2.1632001752954158,2.1600469012862082,1.7087895205910106,1.1172328881665812
2018-05-01,1.6972884348347959,2.1871800032268056,2.1855946206216994,1.7289993745527679,1.102440538490575
2018-05-02,1.736679074237068,2.2365239322478776,2.2363178456438035,1.7691242116298183,1.1164845300284483
2018-05-03,1.7538046944353438,2.306720965265561,2.2583704759586087,1.786576950585258,1.1762579385955154
2018-05-04,1.7280775557828965,2.2819697810042565,2.225241693607846,1.7603725090871913,1.1710433867975159
2018-05-05,1.7910928528650776,2.3657674843384413,2.306386320795732,1.8245637446054943,1.1898905748612525
2018-05-06,1.7499995383743305,2.318573365365454,2.253500431474678,1.7827025002951262,1.1650892297868136
2018-05-07,1.680427101737529,2.2263655115159144,2.163884415272318,1.711829934689348,1.1305782112740492
2018-05-08,1.6568873974313163,2.1966485351471245,2.1335147311075704,1.687850327998534,1.1137856184401436
2018-05-09,1.6669711920789643,2.201333279228151,2.146518964522191,1.6981225538234654,1.1246306364916945
2018-05-10,1.5652643157117792,2.080561050200815,2.0155354316449894,1.5945150358117588,1.090190772111386
2018-05-11,1.4262929947123733,1.9006370208069099,1.8365401548371978,1.4529466929345844,1.0150372648343773
2018-05-12,1.4742080893541103,1.9572280522266012,1.8983371264137254,1.5017572140110211,1.02263216929486
2018-05-13,1.5386630097557787,2.0438621684375065,1.9813356222781504,1.5682305147851372,1.0486374692662594
2018-05-14,1.517189306009843,2.014578188370029,1.9536838901573286,1.5457612740284155,1.0477776236350445
2018-05-15,1.4507861540643998,1.9376042920026941,1.8681766038974035,1.4867001421236912,1.0226681838100928
2018-05-16,1.4439765526598682,1.9238605084169313,1.8594077970643783,1.4761547045982861,1.0055155000562341
2018-05-17,1.3874617651930643,1.8375912008878752,1.7866338100666954,1.409961317076526,0.9719800099314702
2018-05-18,1.471893689548471,1.8879914188588534,1.8953569163800987,1.4486327896417892,0.9906110944511409
2018-05-19,1.4472453682740745,1.8779766484430012,1.8636172033160643,1.440948578442404,0.9901559579730386
2018-05-20,1.4794712077975494,1.9389827755241085,1.9051144290032274,1.4877578357176104,1.0215958726333512
2018-05-21,1.4664938684217057,1.9387319540279122,1.8884035445704448,1.4875653834426121,1.0102215499282563
2018-05-22,1.3779259296052344,1.8239452934287639,1.7743546456884114,1.399490978709398,0.9639135280844615
2018-05-23,1.2521781514984034,1.6784443324738487,1.612429299425782,1.2878498659065238,0.9040856714891511
2018-05-24,1.28921724150916,1.7139863053375353,1.6601245243660316,1.3151207882129479,0.907610053016111
2018-05-25,1.2647001377251357,1.6851481021563404,1.628553860613406,1.292993586624351,0.8946951961725426
2018-05-26,1.2555952654755336,1.6713019723935985,1.6168295253208718,1.2823696201255697,0.8797076655729205
2018-05-27,1.246288586435742,1.661551657783459,1.6048453273454883,1.2748883226405903,0.8811822395235727
2018-05-28,1.175827278016298,1.5666418117332273,1.5141123604477231,1.2020651552920214,0.8529622375436897
2018-05-29,1.248258129409897,1.6635762762687303,1.6073815286677189,1.276441787711979,0.8922757887268005
2018-05-30,1.2356160033415198,1.6518452545354578,1.5911022643353316,1.267440717808234,0.8843515388855216
2018-05-31,1.278761328764598,1.7052448024384255,1.6466605122569034,1.3084135396503178,0.8947556504213114
2018-06-01,1.2860953108139113,1.7198151970430902,1.6561044700393737,1.319593225729132,0.900382878419964
2018-06-02,1.3141208899196994,1.7578338043473904,1.6921930083843517,1.3487644394366671,0.9124791625649297
2018-06-03,1.3330106168022562,1.7876320349516768,1.7208785174274084,1.368152142752653,0.9216018093603264
2018-06-04,1.2888025155265597,1.7325349961747285,1.667838904939328,1.3227786080674517,0.8967036091412585
2018-06-05,1.3260209039003785,1.7811492460123841,1.7146378079298599,1.3609781897714937,0.9108266561312192
2018-06-06,1.3478285779796917,1.8052606814944552,1.7378488773972711,1.3833607921981155,0.9132360536900223
2018-06-07,1.335750204716914,1.7934405671930003,1.7264701482308629,1.3709639902878437,0.9161260926691746
2018-06-08,1.3258744922662242,1.7812649555773372,1.7147491966836388,1.36082793558771,0.9097420090253617
2018-06-09,1.306517599023963,1.7542213444773551,1.6887154445099826,1.3409607464911952,0.8985850535419225
2018-06-10,1.1548418794188662,1.5650899890610743,1.492669785340875,1.1852864806932328,0.8048686202860605
2018-06-11,1.1896245980516835,1.6004770096017062,1.5376275822615604,1.2209861788433258,0.8190819399637481
2018-06-12,1.1240612000651762,1.5149016719279647,1.452884858790462,1.1536943956927683,0.7796591384404077
2018-06-13,1.0774361227045381,1.4438080273648524,1.3926204658571866,1.1058401604624686,0.7516270605348858
2018-06-14,1.1366925494668625,1.5252275816137004,1.4692112456450224,1.1666587152134935,0.7891953372261002
2018-06-15,1.099828728676787,1.4720260287837608,1.4215636147023591,1.1288230859894735,0.7628978695934606
2018-06-16,1.1175415585240267,1.4945487355021572,1.4444580321829057,1.1470028860161965,0.7738757584174754
2018-06-17,1.110934888878502,1.4859113444331027,1.435918758291241,1.140374054015929,0.7678398101393071
2018-06-18,1.1409045778062272,1.5275202101329006,1.474655528982579,1.17230709701937,0.7951758222149167
2018-06-19,1.1471454938234849,1.538241876112039,1.4827221185731365,1.1805355217798659,0.799311657505825
2018-06-20,1.1362126081614015,1.5247912711982916,1.468590980008923,1.1702127519107732,0.8000916885387412
2018-06-21,1.132380178264743,1.5184177775926153,1.4636375158945536,1.1653213653764558,0.7945458135434325
2018-06-22,1.010717011011829,1.3539456178594864,1.3063840507809452,1.0390959453537152,0.7143561703632504
2018-06-23,1.009383230427241,1.3536251598454823,1.3046601332866994,1.0388500073938625,0.7235484202769602
2018-06-24,0.9857782718193365,1.3217073843268794,1.2741499474501976,1.0143544658531887,0.7248094984818788
2018-06-25,1.0010503876022583,1.3422900792079415,1.29388965716701,1.0301508128506232,0.7336725304094206
2018-06-26,0.9561539037866472,1.2820937966872687,1.2358595150700036,0.9839527142951691,0.7151841524020933
2018-06-27,0.9752550419830319,1.3074825412549596,1.2605483323621536,1.0034375009733933,0.7225936219958542
2018-06-28,0.934203353874007,1.2529413729237215,1.2074877458424318,0.961579463161327,0.692190120377274
2018-06-29,0.9708404662869572,1.3020680908831122,1.2548423927929764,0.9992821395220227,0.7281572217604758
2018-06-30,0.9967663383466262,1.3366868043063047,1.288352399187192,1.0258505365661164,0.7495841720760047
2018-07-01,0.9884665886628836,1.3250627062012243,1.2776247089203585,1.0198462061466465,0.7474531676714331
2018-07-02,1.0260023013963282,1.3743110627980397,1.3261408281830156,1.0627474933692593,0.7737156642722057
2018-07-03,1.0130764330343787,1.3567802457482352,1.3094337301040213,1.047236374085543,0.763756608616688
2018-07-04,1.0182295854935695,1.363204092828157,1.316094345311585,1.0526262479711075,0.7716647035104349
2018-07-05,1.0108391345091579,1.3536226434178058,1.3065419476782605,1.0400688455591416,0.7765139365125713
2018-07-06,1.0064643387673518,1.3471570316910944,1.3008873878545342,1.0363279110202457,0.7805223032476568
2018-07-07,1.04166875132237,1.3951394244999584,1.346390215809652,1.0715403897411653,0.8016864663194451
2018-07-08,1.0158848948547103,1.360950491765094,1.3130637419010869,1.0450171250467937,0.7919172567848498
2018-07-09,1.0031088904388064,1.3439093516270453,1.2965503402038596,1.0318747433706437,0.7881520964765061
2018-07-10,0.938221166628131,1.2568539348814123,1.2126808818388868,0.965126255617214,0.7384771026283551
2018-07-11,0.9456135431317574,1.2660918170901936,1.2222357754195505,0.9727306333554757,0.7459938482859066
2018-07-12,0.9117502090745515,1.2203371413213362,1.1784663337777859,0.9378962150225832,0.7263848276269486
2018-07-13,0.9166904465769438,1.2271017033324167,1.184851748100294,0.9429781209937049,0.7274615402355951
2018-07-14,0.9167120020385455,1.2271227108452225,1.1848796057244904,0.9430002929018522,0.731887686560678
2018-07-15,0.9317730567637794,1.2474734830059606,1.20434647051922,0.958639139725196,0.7415631097850311
2018-07-16,0.9977299690925577,1.3358225472593852,1.2895978644899704,1.026532262990105,0.7848316425432209
2018-07-17,1.0533987819057768,1.4103204654657913,1.3615516029275303,1.08378127164127,0.8495275630512498
2018-07-18,1.0296786480353393,1.3793997007985097,1.3308923906730732,1.0600197603593935,0.8552798043983654
2018-07-19,1.0298819589878885,1.37975861256355,1.3311551910046617,1.060295571324807,0.8663565660627598
2018-07-20,0.978684271831282,1.310811370090051,1.2649806467943316,1.0073120601627474,0.8531771166608497
2018-07-21,0.9929877785776402,1.3302445464426766,1.2834683219335312,1.0222457671429703,0.8607032703918346
2018-07-22,0.986943897981884,1.3229033487673267,1.2756564113058344,1.0160238709603682,0.8606104809720984
2018-07-23,0.9938910147992736,1.3351944370394906,1.2846357853249035,1.0231789978271089,0.8939045437111267
2018-07-24,1.0465083611411654,1.4050814847839768,1.3526453887180971,1.0773538322722527,0.9729745497524586
2018-07-25,1.047739501992582,1.4086963702032957,1.3542366513072623,1.0786108396528111,0.9445104805156155
2018-07-26,1.0362194282088781,1.3940282486753366,1.3393465630633317,1.0667435434599009,0.9176000369893451
2018-07-27,1.0590147438563857,1.4263691999302894,1.3688102215294784,1.090207928114957,0.9419047491889573
2018-07-28,1.0704794377874034,1.4437090325323123,1.3836286823055883,1.1020043001686433,0.9450304637750317
2018-07-29,1.0613020895922838,1.4308382960805892,1.3717666807063835,1.0925566888327496,0.9480606212406391
2018-07-30,1.035607854114288,1.3956148747985277,1.3385560818022495,1.0661057793658102,0.9436691924792363
2018-07-31,1.0081883173041941,1.3592587552931266,1.3031154489629477,1.0378787569466497,0.8963555613508808
2018-08-01,0.9967446601018487,1.3441001934002905,1.288324180602664,1.0260981053075398,0.8782560408886347
2018-08-02,0.9868916037789913,1.3308749396063333,1.2755887733246867,1.0159548702244587,0.8715777449692513
2018-08-03,0.9898532882133454,1.3349242509607786,1.2794168480012251,1.0190037801299858,0.8561508650993628
2018-08-04,0.9498721589300516,1.28113726791763,1.227739961021911,0.9778452254758554,0.8086135098898026
2018-08-05,0.9540745811002282,1.2868986384264443,1.2331717147335504,0.982177296394217,0.8126997720721939
2018-08-06,0.9393044031569161,1.2661229688767388,1.2140807674690388,0.9669620799579435,0.7991724897335445
2018-08-07,0.8834593477574588,1.1916350816920787,1.1418992263928565,0.9094634414968583,0.775999721713288
2018-08-08,0.8029427512381858,1.0837203335401462,1.0378288567119158,0.8265749567522009,0.7228167174797876
2018-08-09,0.8349398376458362,1.1273969083694946,1.0791861234375226,0.8595098258767605,0.7522892605020923
2018-08-10,0.7748425195592715,1.0471994122630242,1.001508422514291,0.7976404314951064,0.7070283217743538
2018-08-11,0.7528566194170788,1.0182337352074249,0.9730908665617201,0.7750042735900973,0.7196074245920657
2018-08-12,0.7534364096669689,1.0190077282649836,0.9738402676513952,0.7755933799088099,0.7226823924086277
2018-08-13,0.6944517563991273,0.9390836339325935,0.8976007218739038,0.7147610655504546,0.7198054483997681
2018-08-14,0.6661885836084721,0.9007649374207602,0.8610696607667424,0.6855957054487063,0.7085323547747516
2018-08-15,0.6733569923165684,0.9104574777021258,0.8703350484735978,0.6929729508495103,0.7208598210833864
2018-08-16,0.6877319124539839,0.929938899790056,0.8889150914867727,0.7078007697006337,0.7238485676188544
2018-08-17,0.7540446739238474,1.019683573380108,0.9746264363906251,0.7761077832666987,0.7514150940001894
2018-08-18,0.7024320238768845,0.9497995472331271,0.9079154433588514,0.7229172268680156,0.7332857861358772
2018-08-19,0.7118854847850394,0.9627604575657774,0.9201343393175726,0.7326463807393764,0.7426219666226639
2018-08-20,0.6746999117784488,0.9122058922580304,0.8720708139210455,0.6943763553803046,0.7197247714998749
2018-08-21,0.690830902953327,0.9340844463215228,0.8929206302338585,0.7109777790104629,0.7399985268330866
2018-08-22,0.6745586276859658,0.9120541377811754,0.8718882037576283,0.6942309508542455,0.7271083970915782
2018-08-23,0.6943346015847397,0.9386296596848414,0.8974492687792343,0.714583657556103,0.7449237758662646
2018-08-24,0.7103177993399229,0.9602291793724282,0.9181080537445506,0.7310329757296158,0.7657281784193928
2018-08-25,0.7088955808897467,0.9584175422197406,0.9162697920896835,0.7295692808493427,0.77063838528757
2018-08-26,0.7023042316078483,0.9490650370984002,0.907750261579603,0.7227857030276007,0.7642388679766846
2018-08-27,0.7325028579126476,0.989606103801456,0.946782922042782,0.7538650108688534,0.7841873184142971
2018-08-28,0.7580430226495964,1.024016821778205,0.979794389487166,0.7801500122297852,0.8079307928205262
2018-08-29,0.7433999358342386,1.0043892570694903,0.960867738154888,0.7650798834792477,0.8023189444378179
2018-08-30,0.7294330996660519,0.9854801559007864,0.9428151680312081,0.7507057317489888,0.7944326139171403
2018-08-31,0.737011933567321,0.9955268982601723,0.9526110424606716,0.7585055851336321,0.8011607209388478
2018-09-01,0.7627803354674076,1.0323668442250133,0.9859175095494961,0.7850254764847409,0.8186890873152719
2018-09-02,0.7637483072527491,1.0314969267491412,0.9871707888891255,0.7860216827333149,0.827684274117675
2018-09-03,0.7593269970591762,1.0269607446742994,0.981453493713135,0.7814714291528867,0.8262422080175128
2018-09-04,0.7669915590660975,1.0414926921556578,0.9913551181819155,0.789359510658134,0.8377248022510752
2018-09-05,0.6748237045547593,0.9164367493041593,0.872212528785162,0.6945037315752245,0.7703568029287937
2018-09-06,0.663796821233468,0.8999778409692644,0.857959046956341,0.6831552652168158,0.7398600425681412
2018-09-07,0.6507583355955252,0.8830181200166706,0.8410999187526328,0.6697365305905953,0.7327894234541487
2018-09-08,0.6136197784560221,0.8336026001464152,0.7930952888155706,0.6315148918406416,0.7049490950518357
2018-09-09,0.6144941167509705,0.838461240813649,0.7942253637160781,0.6351956672304038,0.7133769403833109
2018-09-10,0.612713096710477,0.8363658465980477,0.7919234118614238,0.6336082529742624,0.716634763232832
2018-09-11,0.6217404905663879,0.845534859944302,0.8035912042244784,0.6405544506836123,0.715671765151112
2018-09-12,0.6174711384364514,0.8398518169134888,0.7980731211771683,0.6362491302535904,0.7191278243340219
2018-09-13,0.6428374761429381,0.8724708602506593,0.8308587421245117,0.6609604394810333,0.7376263208283428
2018-09-14,0.63759537728946,0.8702972478751916,0.8240833962645323,0.6593137692523705,0.7371054999477127
2018-09-15,0.6433001606385693,0.8760989295762388,0.8314567357478944,0.6637089671455718,0.7405483178043927
2018-09-16,0.6429534048324742,0.876062711666899,0.8310085632552753,0.6633512110274312,0.7375975450642467
2018-09-17,0.6138043404942825,0.832836352927136,0.7933337935491999,0.6332773877798309,0.7103944180898917
2018-09-18,0.6316461196042802,0.8560816281499395,0.8163940569818355,0.6516852010679504,0.7205121563270669
2018-09-19,0.6320641648596114,0.857299896233636,0.81693437251395,0.652116508598632,0.7235861102714881
2018-09-20,0.6693806346951112,0.9030125954760372,0.8651654138993035,0.6906168509911306,0.7371561745251044
2018-09-21,0.7002484316254748,0.9465397916696626,0.905061629497644,0.722463934811013,0.7611039207738399
2018-09-22,0.6870048377702395,0.9317960328768732,0.8879444597345523,0.7088001851758838,0.7596367682659876
2018-09-23,0.7125694130528817,0.9603146564478648,0.9151209585665272,0.735175809388811,0.7583530335870556
2018-09-24,0.6803740639015546,0.915738108788022,0.8726422431265776,0.7019590538956014,0.7452192367683237
2018-09-25,0.6680037966428712,0.9025120594964354,0.8600386294833843,0.6891963374744796,0.7281974988156702
2018-09-26,0.6640437442838407,0.8975034664978845,0.8552657476002133,0.6851106504419687,0.7336589237127511
2018-09-27,0.6885954189382846,0.9357601344710967,0.8917220053821209,0.7104412327043188,0.75390695044536
2018-09-28,0.6826576750098858,0.9271651794943307,0.8835315405335806,0.7043151120592621,0.750214614436668
2018-09-29,0.6845269626241692,0.9296626256296717,0.8859114534985615,0.7062437028512194,0.7454378691579765
2018-09-30,0.6886558121882566,0.9353094525309249,0.8912549919577296,0.7105035415408432,0.7480978424787296
2018-10-01,0.6837264544475702,0.928628914054996,0.884875441769891,0.7054177992437572,0.7440287857494712
2018-10-02,0.6792922553975761,0.9225792167359353,0.8791367219369987,0.700842923706745,0.7402344081003447
2018-10-03,0.6696837731493278,0.909512708609228,0.8667014704455679,0.6909296100603515,0.7341678956087301
2018-10-04,0.6749951935343331,0.9167366466684067,0.8735754851865037,0.6964095365197361,0.7424867779507106
2018-10-05,0.6833451001248407,0.9280715785876436,0.88438189333033,0.705024345125091,0.7476384102365987
2018-10-06,0.6711995294073942,0.9115885805420821,0.8686631554640826,0.6924934543637278,0.7437708439573636
2018-10-07,0.6756552371675891,0.9174151587259914,0.8744297095611605,0.6970851861231083,0.7454217720876745
2018-10-08,0.6812947559469796,0.9256322286740236,0.8817283505693879,0.702905459210745,0.7509644193453616
2018-10-09,0.6744826792610287,0.917098590731422,0.8729121940646152,0.6958787425397489,0.7498810491990031
2018-10-10,0.666555369807714,0.9067068379609761,0.862652707831555,0.6876973410911044,0.7434060437087374
2018-10-11,0.5983753951590329,0.8133713566204788,0.7744145143149508,0.617356633877178,0.7052727466080747
2018-10-12,0.6150571159766922,0.8349604782511552,0.7960039185339638,0.6345713361376629,0.7073371926518195
2018-10-13,0.6150657740095705,0.8357171944881178,0.7960151232743076,0.6345810172411357,0.7086222983291636
2018-10-14,0.6101062036201116,0.8299301082238565,0.7895964721789351,0.6301867375581784,0.7091789612798326
2018-10-15,0.6503649206457938,0.8880604395341942,0.8416991093087679,0.6743265554520447,0.7428198110731282
2018-10-16,0.6464654574092683,0.8820971907668359,0.8366524542306533,0.6697985111640843,0.7427713684789512
2018-10-17,0.6416377394237582,0.874718063783591,0.8304044603099259,0.664195355050673,0.7369289312572876
2018-10-18,0.6323733095839416,0.8614946581068377,0.818414485661409,0.6541544916089604,0.7292636369774362
2018-10-19,0.63243400814731,0.8614655945776557,0.8184930406801495,0.6541324229426286,0.7279901920267062
2018-10-20,0.6346186922907257,0.8638154247721237,0.8213204485266259,0.6559167079196331,0.7306628287234074
2018-10-21,0.633503297829588,0.8617144767881393,0.8198769116538324,0.6547638809337333,0.7298922771881952
2018-10-22,0.6317781752935352,0.8605543836838618,0.8176442640450182,0.6529808617538368,0.730433673850465
2018-10-23,0.6325444186408841,0.8625213219652259,0.8186359314436221,0.653772819960982,0.7291466937153339
2018-10-24,0.630798147666907,0.859730650516855,0.8163759159983959,0.6519679429639957,0.7314063375461956
2018-10-25,0.6276455091727547,0.85531713716786,0.8122957867978776,0.648709501137059,0.729201786404514
2018-10-26,0.6278700475091787,0.8553100975263531,0.8125863838823197,0.6489415748471363,0.7290283641561983
2018-10-27,0.6250646709816757,0.8512237539346444,0.8089556791813532,0.6460420485359942,0.7296619887593758
2018-10-28,0.6270861030129649,0.8539636681705832,0.8115718045870106,0.6481313175985027,0.7303384030284095
2018-10-29,0.6039736553232964,0.8225686067067973,0.7816597818340117,0.6242432079494228,0.7128171878225174
2018-10-30,0.6048726971058536,0.8237694695071617,0.7828233172611708,0.6251724200567848,0.7130017819472126
2018-10-31,0.6050543203542863,0.8239895581802578,0.7830583749574992,0.6253601398436575,0.7111240012427346
2018-11-01,0.6124018319978523,0.8339875117624378,0.7925674904529544,0.6329542400111334,0.717864809862414
2018-11-02,0.6213930213155029,0.8460205723756451,0.8042038451382122,0.6422471657356247,0.7190636851727341
2018-11-03,0.6200425091633852,0.8441212345958375,0.8024560183280015,0.640851323865711,0.7159978393226087
2018-11-04,0.6337138242782963,0.8619030487544328,0.8193601349448365,0.6549814118802639,0.7176696067580969
2018-11-05,0.637045092144812,0.8665298786759283,0.8237585878732975,0.6584244818236306,0.7225525369470157
2018-11-06,0.65466641198032,0.8897698297960998,0.8458514317418199,0.6766371542264559,0.7271916384798033
2018-11-07,0.6513451149373585,0.8857529992242072,0.8420328690343406,0.6732043918762195,0.7349309845289967
2018-11-08,0.638451121966918,0.8685452116810507,0.8256744454925764,0.6598776922377925,0.7262796257720631
2018-11-09,0.6303224433174872,0.857871037172542,0.8155271405510802,0.6514762290543926,0.7185751524923013
2018-11-10,0.6343976354205079,0.863346751655003,0.8207325777098794,0.6556881825777902,0.7212259808831294
2018-11-11,0.6319354495014343,0.8597139162990385,0.817547199775497,0.6534349299386677,0.7214566073852259
2018-11-12,0.6249982298586758,0.8509081960692123,0.8085723837855839,0.6462754578313852,0.7169413297636829
2018-11-13,0.6136744742367695,0.8355816261418882,0.7939226205363809,0.6345333463594491,0.7156145563305043
2018-11-14,0.5443835904924882,0.7394739994641729,0.7042796547899074,0.5630675951157518,0.6420662020830772
2018-11-15,0.542535597756921,0.7369497648720035,0.701888870634024,0.5612843316629968,0.6318798501488427
2018-11-16,0.5264196838877115,0.7147855899896233,0.6810393989149522,0.5447795472861582,0.623718590097634
2018-11-17,0.5281559103784293,0.716412956284888,0.6832855889899834,0.5466491542862043,0.6213402797996667
2018-11-18,0.5377189507144404,0.7294457112292193,0.6956574647171933,0.5565936205410902,0.6290346769596578
2018-11-19,0.4643534139571473,0.6275601784236069,0.6007430591675411,0.4788512516272043,0.5387295324478543
2018-11-20,0.41072189073595067,0.5537186778291773,0.5313589257060288,0.422507499749108,0.4902031281039536
2018-11-21,0.4300259839842069,0.5797027083806537,0.556332997020097,0.44233426055975855,0.5064796638774294
2018-11-22,0.4019430674197851,0.5411801677759701,0.5200015801200508,0.4129401603305993,0.47979101561746423
2018-11-23,0.3946043742240649,0.5306114606468632,0.5105073856707106,0.40487585221983496,0.4777172259397882
2018-11-24,0.35401918140990557,0.4771169539234815,0.4580015175686952,0.36405759704625656,0.42350577396684264
2018-11-25,0.3618478020476153,0.4875973743040228,0.4681295325114365,0.372054539155311,0.4373767482281366
2018-11-26,0.3423498509259918,0.4613287971390122,0.44290465072926505,0.35201065892452876,0.41144469863300553
2018-11-27,0.34248346534712115,0.4615464104323053,0.44307748778213313,0.35217670578576504,0.41594799602321764
2018-11-28,0.37397921526104944,0.5039613926775349,0.48382413933667134,0.38454088062377423,0.46096373737127755
2018-11-29,0.363264484647909,0.48956504618245955,0.4699622561385808,0.3735559443976702,0.46327785888726264
2018-11-30,0.34411648909483156,0.4637751963131286,0.44519012936369495,0.35387735051329083,0.43405369010486405
2018-12-01,0.3572789126414284,0.48149443777491646,0.4622185871443576,0.36739777651159955,0.45487504324857897
2018-12-02,0.34959871207991894,0.47115635807267164,0.4522825611809828,0.35950005414226355,0.44673030562308397
2018-12-03,0.3268508536122414,0.4405233800671101,0.42285321243342927,0.3361079235902854,0.41939229163212455
2018-12-04,0.32798052503638525,0.44207921399117406,0.4243146597091215,0.3372695658647417,0.42609787591126513
2018-12-05,0.308302612908578,0.4155952059956745,0.39885695400613974,0.3170343242815596,0.4036686160046444
2018-12-06,0.2736142369504456,0.368838950434201,0.3539799531117579,0.28136351203431154,0.37781500613442204
2018-12-07,0.2608010806194406,0.351573248327892,0.33740333526484656,0.26818746611413524,0.36680103782574425
2018-12-08,0.2688073167494438,0.3623571046446251,0.34776115535197816,0.27642045512307006,0.3727773319588769
2018-12-09,0.2806294313214928,0.3775744062339856,0.36305565116629834,0.28802881984714895,0.3873025351697858
2018-12-10,0.27005122966032463,0.363515808635404,0.3493704328511668,0.2773043607520162,0.3751573076495972
2018-12-11,0.2637457041758534,0.3551153487739547,0.34121285535643714,0.270896154845795,0.36670113900945206
2018-12-12,0.27183813829939224,0.36551462224728665,0.3516821913363191,0.2788291355148697,0.3733187277889799
2018-12-13,0.260623794540112,0.35057320249254975,0.3371739777153189,0.26743122446013895,0.3542910599593647
2018-12-14,0.2542465837252286,0.34169313748453245,0.3289236566005717,0.2606571566149785,0.3465963703537607
2018-12-15,0.2556249545145306,0.3431888691684226,0.3307068797293116,0.2617981604134508,0.345984070262286
2018-12-16,0.26077450551475284,0.3487867434501163,0.33736895438451503,0.2670646414582559,0.34769836155667067
2018-12-17,0.2970674602885975,0.39411166368875505,0.38432184856498175,0.3042566875413969,0.37768869310739783
2018-12-18,0.31510340738890474,0.4167201260763439,0.40765529705262327,0.3227383675350994,0.3933571367900818
2018-12-19,0.3129662002577313,0.4152830279206849,0.404890342874068,0.3205242147054936,0.39863138720905555
2018-12-20,0.3421879493649783,0.4537723812641036,0.44269508285944265,0.35045533318261246,0.43796705341897363
2018-12-21,0.32624659428454733,0.4281741100044503,0.42207141481545896,0.33406059280501943,0.4120121183164015
2018-12-22,0.33435305458205095,0.43804500377397854,0.4325588957281393,0.3423505500361292,0.42426693040579816
2018-12-23,0.3409543507344713,0.44642866729244335,0.4408375616242457,0.3491097410167789,0.4226571090906432
2018-12-24,0.35731021190863615,0.4677269448882796,0.46186909801524145,0.3658568194238298,0.43098945249593734
2018-12-25,0.3328156335666158,0.43564746024109124,0.4301913792078939,0.3407763485097789,0.40224922663132956
2018-12-26,0.3349833508507824,0.43855331288666555,0.4330608387398804,0.3429959162238195,0.40663275782401476
2018-12-27,0.3056527232908041,0.4001913736306086,0.3951793472501338,0.31296372093099606,0.3847086242556228
2018-12-28,0.33701573492663983,0.44120299265780444,0.4356773337254696,0.3450769137919054,0.4120384349774655
2018-12-29,0.32798995677927745,0.429283208152877,0.4239068334838342,0.33583524333564924,0.40102323886848795
2018-12-30,0.33037713217257786,0.4321299346836834,0.426992115808375,0.33806228385115655,0.40577565511102326
2018-12-31,0.3165658278669629,0.41381441696795807,0.4091418677112594,0.3237337561285243,0.39262822525046825
2019-01-01,0.3265924914683996,0.4269684084460977,0.42210070733629107,0.3340243378354213,0.4030647644283556
2019-01-02,0.33618651087945495,0.43946835260106293,0.4345003865670759,0.3438032476721876,0.4134062239551288
2019-01-03,0.3270819708922858,0.4275812061774324,0.42273332300090877,0.33450373947822915,0.40206966544514855
2019-01-04,0.33318943200897344,0.4356518164078031,0.430626838445159,0.34081750926728294,0.4042618825934558
2019-01-05,0.33732952048948495,0.4405244862821925,0.4359776504030547,0.34462947824692464,0.4029474302369734
2019-01-06,0.3526151344482635,0.46031968529955425,0.45573336770767975,0.36024588124440277,0.4264985345764792
2019-01-07,0.35296586341076824,0.46065488659075976,0.4561866621235764,0.36060419897790796,0.4210885283772127
2019-01-08,0.3695694771710765,0.48260434146657616,0.4776458148311284,0.3775671255810397,0.42167390660381643
2019-01-09,0.3806466992529701,0.4969845276465046,0.49196244023357366,0.3888840610520469,0.4221390137806444
2019-01-10,0.3433504613761601,0.4478874919854457,0.44375934632888314,0.3507807152017118,0.38310834345419115
2019-01-11,0.3412315199622906,0.4454309359230006,0.44102074800529034,0.34861592197475166,0.3839863397042625
2019-01-12,0.3307907226990708,0.4318132127515756,0.42752666034427567,0.3379491817090892,0.38126246159240534
2019-01-13,0.31152590675096,0.40676261069893055,0.40262807019139435,0.31834387502783706,0.36980955388297143
2019-01-14,0.3413753072058099,0.44572281279878284,0.4412065840763143,0.3488352264502879,0.38541111691222785
2019-01-15,0.3307608472800818,0.43181262304175283,0.4274880469732777,0.3379487201855736,0.37749147215187245
2019-01-16,0.33727977456845676,0.4402163519223889,0.4359133609377708,0.34452571508672286,0.3800128514708883
2019-01-17,0.3411239262272642,0.44527362296139006,0.4408816925524934,0.34848367783274653,0.3824542385555025
2019-01-18,0.33924866467587167,0.44280889065443796,0.43845803472556116,0.34655470891361895,0.38029344247169716
2019-01-19,0.34252654264633986,0.44702152917293875,0.4426944903793439,0.34985163846121614,0.38757671183886133
2019-01-20,0.3318255475742317,0.43298838948685725,0.42886411353939946,0.33892143518465534,0.3740855692815175
2019-01-21,0.33297738104623237,0.4345223224811021,0.4303527847902989,0.34009863655137024,0.3714813935757972
2019-01-22,0.33495102322544323,0.43721646056395874,0.43290359315082955,0.3421153513172753,0.37443486774658197
2019-01-23,0.3330833368854103,0.4348311800379241,0.4304897237184156,0.34020763953612393,0.37240854911709037
2019-01-24,0.33385543220650715,0.4359339310005588,0.43148760792104507,0.3409966802528755,0.37404023151814975
2019-01-25,0.33485142576928806,0.4371299688282777,0.4327748725359223,0.34201274501819773,0.3739259920498188
2019-01-26,0.337458050903878,0.440603850856821,0.43614377554115835,0.34467502736876127,0.37420578708300567
2019-01-27,0.3342924295628157,0.43774209079882825,0.4320517599298363,0.3414417048934322,0.37227970805948357
2019-01-28,0.3095372978763448,0.4064868866839277,0.40006139141758,0.3161571544940129,0.36029767600658813
2019-01-29,0.3048130111899051,0.4013440655727698,0.3939558247372225,0.3113318323802103,0.3579715485745999
2019-01-30,0.30812233050086846,0.4123765873124481,0.39823354966249885,0.3147119254070177,0.36190164051617674
2019-01-31,0.30374075787393856,0.404755933285465,0.39256582013244223,0.31023663864857015,0.35894251308318176
2019-02-01,0.30992654886679855,0.41140118756723315,0.4005594092185681,0.3165547182780251,0.36205898928936
2019-02-02,0.3145464749573114,0.41702004849070534,0.40652714029087406,0.32127344002357244,0.36548025778888943
2019-02-03,0.3076962415965571,0.4079377919256709,0.39767373977869674,0.31427670575031114,0.3595103430921268
2019-02-04,0.30894466592618836,0.4095980362634217,0.3992872315092357,0.3155518285161363,0.3590056620006218
2019-02-05,0.3115224507531349,0.4128850328523679,0.40261882126835163,0.31818474027823035,0.35975248084541633
2019-02-06,0.30563538308264027,0.40504231895492365,0.39501023984580985,0.3121717685871148,0.3542526950924154
2019-02-07,0.30411841281840285,0.4030689271430184,0.3930496723515919,0.3106223574786201,0.35276604414791196
2019-02-08,0.33237222107444975,0.4402788626331339,0.4295655423768866,0.3394804133984822,0.37946829454983255
2019-02-09,0.33425007994913175,0.4426788570373422,0.43199253017379097,0.3413984327709177,0.37992578190765214
2019-02-10,0.337116103772415,0.4464762726590111,0.4356968245458386,0.3443257508274918,0.38188540107017266
2019-02-11,0.3338470059472954,0.44221353689390325,0.43147255044521576,0.34098674018180697,0.3775394122480159
2019-02-12,0.33518449029148684,0.44387353248233846,0.43319998369591406,0.34235282939310724,0.3780665744984885
2019-02-13,0.3307114110259563,0.43794501964666654,0.4274186377567299,0.33778408718526254,0.37583955683468995
2019-02-14,0.3271542300054226,0.43328337651144067,0.422821694204341,0.3341508310002519,0.37426446076444025
2019-02-15,0.3317343645415683,0.43937699774972133,0.42874184984644315,0.3388289180332012,0.37467089805464676
2019-02-16,0.3309988372191451,0.43837502369779,0.42779084404591466,0.338077660297849,0.3755986421507619
2019-02-17,0.33679652694929335,0.4424992341272996,0.43528391007678324,0.34399971699117443,0.38012921202492955
2019-02-18,0.36323751754003014,0.46856113885810824,0.4694568541785839,0.3710055241150333,0.4043667758582681
2019-02-19,0.37385560892893965,0.4777613097753399,0.4831799392974518,0.38185078250779425,0.40759441330787316
2019-02-20,0.3865925337544218,0.4877896896325915,0.49964143499630176,0.39486034710043016,0.4130030954279277
2019-02-21,0.37469316957104243,0.4763898789133079,0.48426241078056176,0.38270632017214584,0.4082569091690082
2019-02-22,0.38135790610328774,0.4833349488252406,0.4928760750465523,0.38951332847325026,0.41353054793414223
2019-02-23,0.3943330889605282,0.49518506214699026,0.5096454939208839,0.40276623039524473,0.4274379494873143
2019-02-24,0.3555202392911597,0.45315043773653735,0.4593751778680627,0.36312335673453705,0.39171928180385085
2019-02-25,0.36347181618894747,0.4604329698901085,0.4696895078147487,0.3712449891359702,0.39907907882608246
2019-02-26,0.3560866598357027,0.45251867264178813,0.46014705580731996,0.36370189010746584,0.3961556652294627
2019-02-27,0.3571639462082784,0.4550413918706924,0.4615110372711633,0.36480221815575176,0.3958152569229052
2019-02-28,0.3615663985764475,0.461208046702458,0.46716779400314035,0.36929882817083404,0.39619927050852694
2019-03-01,0.37107028385513163,0.47393081739009024,0.47936668600367327,0.3790059773348603,0.3966921426945111
2019-03-02,0.3708980800449974,0.4767670341432069,0.4791112432205387,0.37883009904153037,0.3971883982193581
2019-03-03,0.3673975917832212,0.4720172230355579,0.47458945333966446,0.37525511777495835,0.3954125662897672
2019-03-04,0.36333734992736144,0.46692066942846233,0.4693445989325787,0.37110573551520626,0.38651328687498965
2019-03-05,0.39566580576784166,0.5055798393396783,0.5111052018403801,0.4041237310822133,0.4001238235272002
2019-03-06,0.399763059800133,0.5109909433264571,0.516397871106365,0.4083085260546709,0.40090019929196613
2019-03-07,0.40373693840966235,0.5164599001902731,0.5215311702172543,0.4123663430252033,0.40167392265544405
2019-03-08,0.3932978959405947,0.5045125625985472,0.5080464332481576,0.4017054252227171,0.4006093764160452
2019-03-09,0.39964585746533215,0.5122869489909009,0.5162464742174209,0.408189526966447,0.40694453726367935
2019-03-10,0.4081168484086845,0.5202334899055857,0.5242544348682072,0.41684160585490504,0.405740001624007
2019-03-11,0.4060716788555597,0.5173790054662712,0.5213778877876943,0.414752711609413,0.4009504294137315
2019-03-12,0.4166638189499861,0.5291865301997889,0.533276674248916,0.4255712932209957,0.4013536131964083
2019-03-13,0.4176675991720284,0.5296339131334441,0.5337275150571378,0.42659652948077875,0.40110312618945543
2019-03-14,0.4169094698932085,0.5292268499584244,0.5333173056436409,0.4258221937864495,0.40291136224198204
2019-03-15,0.420877532625408,0.5338604201589808,0.5379866892455226,0.42987508626618914,0.40664573533708687
2019-03-16,0.4350283146740112,0.5515278807708087,0.5557907037088958,0.4443283861592472,0.41556271951134277
2019-03-17,0.4304067558644509,0.5460209456170289,0.5502412048148038,0.439608025135602,0.41314397114067036
2019-03-18,0.435771314067084,0.5516011269097153,0.5558645159757027,0.44508726412028166,0.41389033335767306
2019-03-19,0.4340964979065932,0.550916411855303,0.5551745086792448,0.4433766446989616,0.41784176021146024
2019-03-20,0.4294845000390204,0.5462881652073995,0.5505104897763716,0.4386660484490885,0.4195099336652665
2019-03-21,0.41538251541634297,0.5300158327724556,0.5341123865973214,0.4242625874649891,0.41349902678067235
2019-03-22,0.42231207889783845,0.5376084566142941,0.5417636947091701,0.43134029771615334,0.4129487442510346
2019-03-23,0.4306803752934414,0.5451423077584073,0.5493557758622982,0.4398874968051314,0.41416386539372163
2019-03-24,0.43102361859085,0.5457011421703722,0.5497935970741782,0.44024183860415383,0.41275985859591735
2019-03-25,0.4211277654726782,0.5330993152080611,0.5371709072164763,0.4301350811739289,0.4066501889127104
2019-03-26,0.4203200472845295,0.5320599200356574,0.5361406179083207,0.4293094333445482,0.4089024099323913
2019-03-27,0.4344329676266444,0.5499044362415456,0.5541424023104119,0.4437232155645719,0.41923529293485695
2019-03-28,0.43161095482511275,0.54637951427452,0.550542774274391,0.44084113855381096,0.4173890712008888
2019-03-29,0.4308622481441904,0.5454032357726556,0.5495877580883681,0.440076374440288,0.42038042596605507
2019-03-30,0.43282563274010116,0.5479478370117316,0.5520921591950237,0.44208237606035644,0.42122944711035676
2019-03-31,0.43472118433543594,0.5501756236664658,0.5545100367841357,0.4440184686599493,0.4211006110649694
2019-04-01,0.44107605739976025,0.5576082449994789,0.5626160176896075,0.45050925482362514,0.42647974961182183
2019-04-02,0.5086264330305522,0.6429459257440693,0.6487801074747993,0.5195042988502103,0.49473441307082716
2019-04-03,0.5202433861781971,0.6558709942729756,0.6635981315924252,0.5313696787849952,0.5040886005077376
2019-04-04,0.513588272134733,0.6473183529561274,0.6551091833713291,0.5245722380443759,0.4989718684003311
2019-04-05,0.5367051473376071,0.6760027403287114,0.6845959910285688,0.5481835083657891,0.5103834185953268
2019-04-06,0.5367170405039513,0.6763851876453432,0.6846111583160387,0.548195650718732,0.5127225204191166
2019-04-07,0.5525201205387921,0.6961839697121164,0.7046507265555011,0.5643367134385372,0.5266255505040938
2019-04-08,0.5514008784304768,0.6944082691467,0.7028534305130727,0.5631935465622139,0.5357511668876037
2019-04-09,0.5364867800046461,0.6758677792861378,0.6840874574092357,0.5479604782876392,0.5270916992753059
2019-04-10,0.5394758764242228,0.6794067251321263,0.6876694427322353,0.5510135030178658,0.5390655375358465
2019-04-11,0.5024594322117804,0.6331013299033068,0.6408008967573546,0.5132053837087309,0.5120715475795168
2019-04-12,0.5031923453314193,0.6342488446372023,0.6419623671820571,0.5139539649081689,0.5145982433559334
2019-04-13,0.5060423068859259,0.6379475138350225,0.6457060183589294,0.5168648742884893,0.5153103023910661
2019-04-14,0.5227284648731668,0.6568400491878712,0.6669974318030357,0.5321716004663833,0.5224530275698499
2019-04-15,0.5152653299449187,0.646225460475153,0.6574745140633651,0.5235716640427077,0.5121807203585559
2019-04-16,0.5287201869143268,0.6642260062908714,0.6746428163602475,0.5381557005792488,0.5289307762181334
2019-04-17,0.5229421780065624,0.6591799456360462,0.6672701013257253,0.5340673838299138,0.530582849331651
2019-04-18,0.5522187929411769,0.6936283089775506,0.7046268579025746,0.5619774369327392,0.5352546568444728
2019-04-19,0.5739362769713835,0.7201533776931867,0.732338204662681,0.5834680392313262,0.5358025993707349
2019-04-20,0.5767509418260133,0.7258900217128811,0.7359297003715967,0.5881158664048387,0.5392337913653638
2019-04-21,0.5589737345152052,0.7065462762747571,0.7131944879717712,0.5699883564475694,0.5368692924396501
2019-04-22,0.5591379959720811,0.7083274476556769,0.7133801348835036,0.5701558554790059,0.5453714677414598
2019-04-23,0.5457006035224264,0.6974373945071637,0.6962101089997366,0.5564536796624826,0.5625712178688234
2019-04-24,0.5279137736680561,0.6769916185965825,0.6735363617324295,0.5383163557282267,0.5516126981423053
2019-04-25,0.5052201184518917,0.6474218529903479,0.6445830968801936,0.5151755200693491,0.5253223347568385
2019-04-26,0.517190832972955,0.6617733222148101,0.6598946016955736,0.52738211982198,0.5322165670652056
2019-04-27,0.5131249492185009,0.6569104408417649,0.6546777062248731,0.5232361181215682,0.5311007174889345
2019-04-28,0.5171476725710014,0.6608945459863512,0.6598101459344147,0.5263147631379509,0.5327964825817653
2019-04-29,0.5025705655063075,0.6424250921596101,0.6412117496791985,0.5121671012679,0.5289735191731452
2019-04-30,0.5171984959598648,0.6632748569420701,0.6598750109835142,0.5282286147237363,0.5392930977906647
2019-05-01,0.5158483465244625,0.6612950641269645,0.6581524032114267,0.5268414849132529,0.5445058858569224
2019-05-02,0.5314036748027987,0.6776049808149783,0.6779988626986565,0.5398326764205871,0.5547480305463178
2019-05-03,0.5441032131461091,0.6944523252665803,0.69420174762642,0.5524869978951404,0.580636621082164
2019-05-04,0.5338568204443156,0.6808610677628455,0.6811287469387495,0.5419176072900462,0.5869316719878203
2019-05-05,0.5317053401043836,0.6788748176589924,0.6791417159446147,0.5397336456751806,0.5833516792963707
2019-05-06,0.5297360949988165,0.6743598755337857,0.6746249987788828,0.5377346555610752,0.5784087593519007
2019-05-07,0.5203329727446344,0.6618637896968839,0.6621240001306642,0.5281895690204442,0.5866725234824812
2019-05-08,0.5241427997489052,0.6668124796835265,0.667074635684942,0.5320569287834515,0.6018673156246557
2019-05-09,0.5111591467599168,0.6513810064507991,0.6516370955991758,0.5188772513750944,0.6208870049039754
2019-05-10,0.5249062033074045,0.6697286424605435,0.6699919449455602,0.5328318693966405,0.6411000553828613
2019-05-11,0.5775327322747394,0.736528425031381,0.7368179897181827,0.5862529970281916,0.7191577184248615
2019-05-12,0.5516440121877508,0.7070877122417033,0.7037957779020336,0.5599733610194882,0.6955779103410609
2019-05-13,0.5893376011179581,0.7581716966006272,0.7519469874580172,0.5982360346603615,0.7749285130414759
2019-05-14,0.6582702266202932,0.8308338364162839,0.8398561537583723,0.6682096150212822,0.7925265255391931
2019-05-15,0.7151837471224709,0.9167646226277744,0.9123512279341119,0.7259825711385011,0.8131487757779549
2019-05-16,0.6734488198131892,0.88224350275919,0.8589788161443497,0.6836174106751459,0.7807744821919445
2019-05-17,0.6248310599537631,0.8233057329039838,0.7969706873509734,0.6342655570740686,0.7252760347466487
2019-05-18,0.6115991596161797,0.8211095811672536,0.7801180745517846,0.6208338511575607,0.7180617257417834
2019-05-19,0.6672620637465111,0.8966634770120075,0.8511182212301466,0.6773486616029877,0.8041787962930887
2019-05-20,0.6514999747709901,0.8747757311706758,0.8310130800268747,0.6613421257824292,0.7823647660853005
2019-05-21,0.6674771898815023,0.8950244766739234,0.8513926430573142,0.6775451360517681,0.7808942823934647
2019-05-22,0.6435213682557065,0.8618503798579586,0.8208360877320445,0.6532223120298087,0.7526112570262173
2019-05-23,0.6520479765041995,0.87379572042239,0.8317121025993607,0.6618781474546442,0.7721295020958993
2019-05-24,0.6754744054266454,0.9050830831275334,0.861593430402602,0.6856524559077305,0.7823984504381959
2019-05-25,0.6859281944199672,0.9172526009783125,0.8749276477799202,0.6962589833092377,0.7887564685414624
2019-05-26,0.7176590185427176,0.9626161659352998,0.9154014783247116,0.7306931071073575,0.8473228794056215
2019-05-27,0.734987854208765,1.0002773642247604,0.9375050105013482,0.7592805950068303,0.8601754945997535
2019-05-28,0.7278186434938447,0.9928951413203616,0.9283604195791704,0.7536769706524302,0.8517515697127955
2019-05-29,0.7245524660586627,0.9880351336084195,0.9241942945134768,0.7499878843257382,0.8458239306134628
2019-05-30,0.6891156425120255,0.9358865195781443,0.8789932893838045,0.7104034329467186,0.8119430591821986
2019-05-31,0.7113396520437051,0.9793978701096636,0.9073408440393492,0.7434315962369351,0.8364589003360173
2019-06-01,0.7246674005708973,0.9838040832540632,0.9243408610782716,0.7467762206957715,0.8354354085209117
2019-06-02,0.7352185156829812,0.9984569974881488,0.937799204360958,0.7578988091258948,0.8527116012163221
2019-06-03,0.6853378908992839,0.9345208783638935,0.8741745808875936,0.7093668155935648,0.7989753714904623
2019-06-04,0.6482175535885525,0.8817282939932097,0.8268261474792115,0.6692935456121059,0.7486387419271545
2019-06-05,0.6673701149936044,0.9074790597223511,0.851255982717997,0.6888401807994944,0.7598656830114355
2019-06-06,0.669724058510609,0.9124511223588365,0.8542585419686551,0.6926143246640492,0.7596512177111776
2019-06-07,0.6792785690606875,0.9255272544113212,0.8664456812126852,0.7025400249550813,0.7809040778824374
2019-06-08,0.6748802404717804,0.920307296403178,0.8608354523627576,0.6985777111368481,0.7721350159533862
2019-06-09,0.6442815431640636,0.8779700935480685,0.8218056413852288,0.666440808189268,0.7458667326823271
2019-06-10,0.6769790600207642,0.9236142842698116,0.8635125790021685,0.7010879466023922,0.7755612036780566
2019-06-11,0.6786766984138805,0.9251404392403445,0.8656779900473327,0.7022464051415364,0.7684896575491249
2019-06-12,0.7093270787636798,0.9713224295905298,0.9047737224182939,0.7373017711488085,0.789350109258177
2019-06-13,0.711266674198211,0.9721677265338701,0.907247728525987,0.7379434107470355,0.7975504729258763
2019-06-14,0.7055566541561445,0.9665233017845853,0.8999643719495302,0.7336588969357791,0.8411889773838501
2019-06-15,0.7106766175940037,0.9740175159208572,0.9064950851074547,0.739347530480843,0.8550594363014139
2019-06-16,0.7166433803741159,0.9804841833598346,0.914112396606602,0.7455550014349648,0.8700306209396955
2019-06-17,0.740157669627726,1.0129325226258339,0.944112895365333,0.7700179189733686,0.9009936861360781
2019-06-18,0.7276277204126671,0.9953494901486815,0.9281246743052176,0.7569824822721732,0.8776289819526999
2019-06-19,0.740512564231186,1.013651683934765,0.9445607371175425,0.7703871403182658,0.895966937621761
2019-06-20,0.7505097617715109,1.029144174058384,0.9573156268188698,0.7807876644612913,0.9201432581358555
2019-06-21,0.7843194037490953,1.0807117643739914,1.0004417400971564,0.8159612990012904,0.9779195931714735
2019-06-22,0.8009521384284339,1.1020709314303747,1.021649156956093,0.8332650395946065,1.0302036087618998
2019-06-23,0.790829242314873,1.0889691224877323,1.008749284839581,0.8227337555989397,1.0448924422539139
2019-06-24,0.7943341393434019,1.0942761092267266,1.0132233959779655,0.826380051894982,1.0597759908536657
2019-06-25,0.795024350558562,1.097869067977299,1.0141331400905877,0.8270981086422703,1.13229159025671
2019-06-26,0.8023927301031443,1.1136963205413855,1.0235672397283848,0.834763752491593,1.2442386133020416
2019-06-27,0.7065343071896001,0.9793490014978473,0.9012586472049967,0.7350381027653864,1.0553387127307163
2019-06-28,0.742784987289058,1.0298979187871866,0.9475219038473011,0.7727512483337581,1.1649990779265234
2019-06-29,0.758752845488296,1.0530956527005038,0.9678645611215282,0.7893632920630197,1.122159233558565
2019-06-30,0.6907258880286102,0.9590211514643217,0.8810894282229549,0.7188483698861468,1.009514827294137
2019-07-01,0.700180457638137,0.9698511822398089,0.8931496681198178,0.7269661782961998,0.9874350713842389
2019-07-02,0.6869817139756349,0.9514150928761481,0.8763133631710386,0.7131471371145665,1.007618040485419
2019-07-03,0.7087175773000743,0.9812142922235362,0.9040396139926349,0.7354835640453745,1.110367293679613
2019-07-04,0.6898702285971807,0.9520624822120578,0.879997946991702,0.7136323972864508,1.0388788343069
2019-07-05,0.6844755742417871,0.9456541427333962,0.8731165277462012,0.7088289324401551,1.0166925277530043
2019-07-06,0.6874965953875019,0.952769833833806,0.876970143853521,0.7141626030691425,1.0377805424695874
2019-07-07,0.7072379077000772,0.9778085843795883,0.9021521485776385,0.7329307657799845,1.0599752679511298
2019-07-08,0.7162343134172943,0.991971742962253,0.9136279541645685,0.7435469690243467,1.134590437441667
2019-07-09,0.7029554169433556,0.9729768939787059,0.8966894244554441,0.7293091013743919,1.1608667501355794
2019-07-10,0.6582882239958352,0.9145646001942309,0.8397120101718185,0.6855253098446983,1.121686072186608
2019-07-11,0.6061331354398475,0.8461132800329267,0.7731829760992421,0.6342166188534978,1.0455410680309851
2019-07-12,0.634426464675071,0.8930200523397888,0.8092739291218067,0.6693762780100486,1.086811453268848
2019-07-13,0.6207886083192208,0.8738494956396494,0.7918774959371528,0.6550067060640458,1.0471333002840852
2019-07-14,0.5559388965718669,0.7810949036484939,0.7091552353097765,0.585481141220675,0.9371047199830325
2019-07-15,0.558455773204452,0.786123027201651,0.7123657747440945,0.5892500449766079,0.9937467041571441
2019-07-16,0.494981371437068,0.6970787976237757,0.6313978731999995,0.5225056366993889,0.8552415623500785
2019-07-17,0.5269441999693824,0.7417619422068984,0.6721696231031867,0.5559985430820275,0.8745283533119534
2019-07-18,0.5667520189705494,0.7977608442488283,0.7229484230998565,0.5979733414342752,0.9581503635997289
2019-07-19,0.5665316490767742,0.7968620687673416,0.7226672934590602,0.5972996510899341,0.9458779314867848
2019-07-20,0.5898573941827779,0.8299021295742084,0.7524216093685003,0.6220653132608784,0.9668773592433562
2019-07-21,0.5813247120506457,0.8179114287629271,0.7415373229615674,0.6130667177636532,0.9516690909956395
2019-07-22,0.5726923264581831,0.8057649641765461,0.7305258592729327,0.6039629792844784,0.9284013965542071
2019-07-23,0.5501653842613968,0.7740748048774053,0.7017905090514744,0.5802059996718433,0.8878228593264219
2019-07-24,0.5525735158647654,0.7774632045943851,0.7048623196764136,0.5827456221430112,0.8798202682317231
2019-07-25,0.5504780958536184,0.7745151209849019,0.7021894036042983,0.5805357861189147,0.8887342738645043
2019-07-26,0.5584732370626397,0.7857642907115985,0.7123879990806803,0.5889674850418218,0.885001981542178
2019-07-27,0.5360289426179135,0.7541859556023083,0.6837580755223968,0.5652976673045058,0.8490785983427913
2019-07-28,0.536635449481041,0.7550685600202429,0.6845317360099389,0.5659592206189171,0.8557874242353879
2019-07-29,0.5303103314433876,0.7461714625577142,0.6764634205828921,0.5592904297139848,0.8527617572385324
2019-07-30,0.5339287643357242,0.7512584160475894,0.6810790910487011,0.5631033394084068,0.8606336247750396
2019-07-31,0.5432367908280733,0.7643937051705622,0.6929524043161225,0.5729488532971623,0.9024391769054395
2019-08-01,0.5503474361701194,0.7744081821130966,0.7020227399305455,0.5804551724122781,0.9301102545033323
2019-08-02,0.5403736306460085,0.7603892218720796,0.6893001630678786,0.5699473056674611,0.9406490744308829
2019-08-03,0.5436788652225258,0.7650589438179368,0.6935163188715016,0.57344748079449,0.9674116105678686
2019-08-04,0.5443224903097825,0.7657812645596485,0.6943373301833782,0.5741263442353981,0.9805928521261131
2019-08-05,0.556555497475566,0.7819735668667421,0.7099417459707095,0.5870291605984114,1.05256583022025
2019-08-06,0.5390641227746019,0.7579325243683755,0.6876297600587513,0.5685800656350541,1.0229554345222205
2019-08-07,0.5539677878186827,0.7790424489415577,0.7066408564317456,0.584299775034999,1.063476850225436
2019-08-08,0.5581665365127041,0.7858614365262838,0.71199676906296,0.5887284304807051,1.0656509638629457
2019-08-09,0.5398294274470877,0.7601896807779255,0.6886059694588719,0.5693872910075807,1.0563964624664253
2019-08-10,0.5370265286717573,0.7566347040406668,0.6850305936172233,0.5664309189965665,1.010076956453321
2019-08-11,0.5474544303149814,0.7716491374804122,0.6983324138782242,0.577671005244356,1.0250493654680721
2019-08-12,0.5429009472814961,0.7650649196710881,0.692523996822663,0.5727419364021628,1.0124330628748268
2019-08-13,0.5318004245098722,0.7496904058015572,0.6783641784284373,0.5612322871966251,0.9681825058235822
2019-08-14,0.4812804572861037,0.6775363140296473,0.6139209499532116,0.5072163819077647,0.8901102321014065
2019-08-15,0.4900672844805707,0.6896057439896488,0.6251294205423316,0.5162517833604067,0.9128276663596578
2019-08-16,0.4846928745021951,0.6818189901122594,0.6182738273767971,0.5104224734817884,0.9183695453592656
2019-08-17,0.4844094799732041,0.6817853251962221,0.6179123300924974,0.5103972712947527,0.9056590516134695
2019-08-18,0.5002992134817983,0.7046196674932453,0.6381812724977004,0.5274914878604389,0.915699732637023
2019-08-19,0.5125820578427525,0.7239285360715518,0.6538492537778816,0.5419464687319034,0.964829645429804
2019-08-20,0.5010072386245026,0.7068057980708873,0.6390844172365767,0.5291280661795768,0.9512268956376939
2019-08-21,0.4796258918605039,0.6760004220504445,0.6118103976675722,0.5060665843890767,0.8943052234049229
2019-08-22,0.4817846857146926,0.6792501893534286,0.6145641430927521,0.5084994210936634,0.8936880381273522
2019-08-23,0.49212566473619623,0.6936712645283472,0.62775508962466,0.5192953082246992,0.917787085797937
2019-08-24,0.4808901773250792,0.6778895442469691,0.6134231067015786,0.5074808166680876,0.8956530294252634
2019-08-25,0.4792550452896605,0.6740633102082788,0.6113373336491675,0.5063099802495017,0.8937606888821075
2019-08-26,0.48274560810129613,0.6792474645045502,0.6157898926429086,0.5097138981926965,0.914008239788483
2019-08-27,0.4768567487961015,0.6713237060240764,0.6082780686542913,0.5033581436757382,0.8975277725493174
2019-08-28,0.44656175965144834,0.62773852853817,0.5696338059205959,0.4718802192811076,0.8587147832854042
2019-08-29,0.429710991265956,0.6049177343872343,0.5481389799068178,0.45371981593492716,0.8369413137826252
2019-08-30,0.4305831725577332,0.6057303347528892,0.5492515336307989,0.45466248465259684,0.8446478081140445
2019-08-31,0.4314340647667435,0.6082597617444438,0.5503369310186653,0.4551821193754084,0.8475021492366966
2019-09-01,0.4333941142908369,0.6104179595627097,0.5528371685988187,0.4572619459069318,0.8586317830050721
2019-09-02,0.44548490059820145,0.6280032380463658,0.5682601655399937,0.47003533063685327,0.9089381948086335
2019-09-03,0.45054798382826194,0.6347570540933893,0.5747186303253883,0.4753605109261836,0.9329330709030215
2019-09-04,0.442470743528338,0.6231493505779099,0.5644153093398305,0.4668304808609367,0.9303787524171435
2019-09-05,0.4378290298678998,0.6165267121692724,0.558494343464145,0.4620067620048835,0.928712250050701
2019-09-06,0.42780248902357587,0.6022607178405284,0.5457044965002057,0.4514636827307633,0.9089886575329134
2019-09-07,0.44706142151496137,0.6297485221554199,0.5702711747270374,0.4716360293656482,0.9232703755195554
2019-09-08,0.45538227673205756,0.6345719737663703,0.5808852506705781,0.4804142753130849,0.9165762976650329
2019-09-09,0.452963024665097,0.6265550507631136,0.5777992547608635,0.4778620389071425,0.9071968844147545
2019-09-10,0.4475299492986338,0.6163705379958072,0.5708688283753476,0.47213031172944964,0.8877667039547491
2019-09-11,0.4417606240101959,0.6133177428178922,0.5635094818710781,0.46604385128614745,0.8932257309465365
2019-09-12,0.44021590972274444,0.6132998104690287,0.5615390456201991,0.4644142253120291,0.9133358097208978
2019-09-13,0.4403846406157859,0.6083598344798874,0.5617542786059965,0.46459223117198056,0.9089754940969065
2019-09-14,0.45031674642479613,0.6152983954798733,0.5744236644546431,0.4750702968514345,0.9087563032370607
2019-09-15,0.4499446280348224,0.6145603612232667,0.5739489905509847,0.4746777233991601,0.907849034114509
2019-09-16,0.4538629791381165,0.6199822480126279,0.5789472359631876,0.4788114631300073,0.901605592729963
2019-09-17,0.4732212057958143,0.6463522331221537,0.6036405735608343,0.49923379589761707,0.8984838169898397
2019-09-18,0.5049315854722233,0.6870042610359911,0.6440903071899012,0.5326872695338315,0.8947012628100323
2019-09-19,0.4991677941130578,0.679621179602708,0.6367380198324779,0.526606647200355,0.900661714668107
2019-09-20,0.4875721457533162,0.6632975748505724,0.6219466205268287,0.5143735954233009,0.893193755403253
2019-09-21,0.48329326565614006,0.6573826787311077,0.616488484684211,0.5098595087664534,0.8788745874441254
2019-09-22,0.47111632710321694,0.6419657420663982,0.6009555832646216,0.49701320806731697,0.8833083861823324
2019-09-23,0.44905612524297883,0.6116354779108306,0.5728156063273393,0.4737403738487613,0.8528737744953929
2019-09-24,0.36839011022796536,0.49346100785169433,0.46991808923851197,0.38864020281026795,0.7496814639380465
2019-09-25,0.37543164067663043,0.5037299250809313,0.47890026659989265,0.39606880385010845,0.7379744266737038
2019-09-26,0.36303040373844087,0.4852621472951674,0.4630812609818212,0.3829858818521858,0.7052587281960165
2019-09-27,0.37145920741711924,0.49689758274974616,0.4738330319179764,0.39187800971234565,0.716707808342424
2019-09-28,0.37033395375221034,0.49755913337954,0.4723976585512885,0.3906909015571743,0.7161925198142691
2019-09-29,0.3634827529702528,0.48835635728099225,0.4636582751542191,0.3834647436001304,0.7037756977709924
2019-09-30,0.37715094908800056,0.5067234811362994,0.4810934182725294,0.397886885003308,0.7200581143464351
2019-10-01,0.37534504956439185,0.5042942867628935,0.4787898106111611,0.3959794451109734,0.724334915824974
2019-10-02,0.3790074659984754,0.5092143675137054,0.48346158832753894,0.39984276638338695,0.7286425640498166
2019-10-03,0.3724873461813021,0.5004511051291913,0.47514452436126514,0.39296172119317385,0.7169993028123254
2019-10-04,0.3743379393194281,0.5029399790700879,0.4775051413663101,0.39491602237789214,0.712291896888249
2019-10-05,0.37290569092046943,0.501015467771432,0.47567816612855274,0.393404867212833,0.7075507421797319
2019-10-06,0.3684887254225255,0.49547538865997626,0.47004388364435656,0.3887450937446573,0.6932284261380961
2019-10-07,0.3847848904258233,0.5179735752528383,0.4908312519298121,0.4059370820872833,0.7152194376477555
2019-10-08,0.3853102881157527,0.5189091789789957,0.4915014479292898,0.4064913614683234,0.7137572680752688
2019-10-09,0.3995402302683163,0.5386106575903752,0.5096531554979686,0.4215035452353748,0.7448975013880644
2019-10-10,0.39340834476306247,0.5305568227999828,0.5018313321699684,0.41503458135189536,0.7440940346086546
2019-10-11,0.38292491340570645,0.5162365115139421,0.48845867008024924,0.4039748595035481,0.7207929226674612
2019-10-12,0.38257906725224045,0.5165110983821832,0.4880175046252839,0.40361000081157994,0.7220735918087577
2019-10-13,0.38747486638613393,0.5211831783042747,0.494262584344336,0.40877818032757557,0.7207254825349853
2019-10-14,0.39811060345529986,0.5348090502264858,0.5078295207426863,0.41999646327752144,0.7253601098319415
2019-10-15,0.3900993254647094,0.5219176670844986,0.4976103418494309,0.4115481930419456,0.7105446776606962
2019-10-16,0.3811680799547706,0.5099589368344802,0.48621765491767654,0.4021239912276337,0.6967431346218669
2019-10-17,0.3913433598598034,0.5237584177064928,0.4991972378350262,0.4128581429863574,0.7016077810711305
