,Feature,Mean |SHAP|,Mean SHAP,Std SHAP,Direction
1,Short-term Return×100,1.4137086305736233,0.4158528010712471,1.565973383879173,↑ Gamma naik
2,Recent Volatility×100,1.3441590224211635,1.179395280519975,1.166588908029073,↑ Gamma naik
3,Momentum×100,1.1511427426638858,-0.003445444128792643,1.480658538240163,↓ Gamma turun
4,Correlation Density,0.3167763775235836,-0.17263015745281404,0.4914090994006867,↓ Gamma turun
5,MST Distance×0.1,0.2563214373211333,0.2375034445684761,0.19794393683074282,↑ Gamma naik
6,Max Centrality,0.08956615242082579,-0.006835266248796409,0.1213485609998779,↓ Gamma turun
7,Centrality Mean×10,0.08640394729221529,-0.005241942926854584,0.12296533715446667,↓ Gamma turun
8,Centrality Std×10,0.08513837280734983,0.01964669774198859,0.11131211425412262,↑ Gamma naik
9,Portfolio Value-1,0.0,0.0,0.0,↓ Gamma turun
